label[object],x[int64],y[int64]
other,118,56
other,6,90
other,21,116
other,74,15
other,97,60
other,70,17
other,75,0
other,93,61
other,12,50
other,8,19
c0,101,110
other,79,82
other,22,62
other,10,9
other,115,91
other,56,1
other,55,121
other,105,113
c1,66,12
other,74,38
other,74,16
other,23,20
other,81,89
other,114,57
other,78,29
other,77,44
other,19,70
other,34,19
c2,108,19
other,123,40
other,57,105
other,16,112
other,108,101
other,81,103
other,65,0
c2,68,108
other,78,3
c20,87,4
other,2,13
other,101,45
c3,68,78
other,27,42
other,3,22
other,28,17
other,0,121
other,99,95
other,5,2
other,31,22
other,121,71
other,97,9
other,63,39
other,60,7
other,118,66
c2,58,78
other,12,40
other,2,57
other,61,30
other,69,10
other,14,60
other,78,86
other,119,45
other,115,125
other,89,122
other,46,9
other,69,40
other,97,6
other,33,121
other,8,48
other,111,58
c4,61,60
other,83,34
other,19,6
other,83,65
other,51,26
other,126,22
other,87,96
other,33,44
other,93,1
other,10,97
other,97,23
other,106,88
other,38,83
other,77,57
other,22,76
other,74,67
other,66,114
other,23,61
other,30,29
other,64,109
c5,58,63
other,125,66
other,120,75
c53,44,59
other,92,45
other,40,113
other,43,95
other,42,22
other,44,3
other,83,45
other,5,112
c0,8,35
c6,19,50
other,86,80
other,87,38
other,65,13
other,47,15
other,2,19
c62,46,48
other,97,15
other,118,3
c7,40,83
other,26,60
other,24,5
other,6,24
other,96,102
other,115,95
other,41,15
other,76,2
other,43,50
other,61,2
other,73,60
other,112,73
other,105,103
other,105,108
other,112,100
other,39,27
c75,92,9
other,57,51
other,65,100
other,99,78
other,8,30
other,29,54
other,62,17
other,47,92
other,127,92
other,45,119
other,93,98
other,35,11
other,66,74
other,95,93
other,108,51
other,110,85
other,94,108
other,21,58
other,28,1
other,22,127
other,62,101
c8,16,88
other,119,110
other,82,39
other,35,92
c9,101,90
other,8,93
c54,101,18
c2,91,64
other,26,74
other,111,61
other,30,96
other,88,31
other,41,104
other,81,123
c2,64,12
other,25,43
other,87,63
c30,111,5
other,53,31
other,11,8
other,16,75
other,112,23
other,33,59
c2,75,61
c16,7,16
other,68,56
c2,31,48
other,14,97
other,13,36
other,56,54
c2,34,4
other,87,7
other,54,14
c10,28,111
other,78,107
other,118,78
other,98,13
c68,15,62
other,88,97
other,45,60
other,113,75
other,44,75
other,49,98
other,32,112
other,95,99
other,118,24
other,23,118
other,3,21
other,23,2
other,97,24
c0,105,8
other,23,73
other,71,13
other,21,80
other,16,123
other,117,98
other,11,96
other,114,69
other,1,102
other,109,29
other,56,2
c34,117,62
other,84,123
other,87,43
other,37,14
c6,116,33
other,30,51
other,4,90
other,80,103
other,37,48
other,121,93
c11,26,115
c0,54,84
other,76,6
other,10,116
other,76,44
other,72,44
c0,52,100
other,69,20
other,93,72
other,27,111
other,6,89
other,26,100
other,53,105
other,45,54
other,10,90
other,86,33
other,8,8
other,120,62
c0,37,35
c2,88,93
other,110,53
other,121,91
other,67,84
c12,119,102
other,29,81
c46,67,30
other,11,20
other,91,7
other,61,55
other,60,62
other,14,70
other,77,61
other,96,15
other,43,48
other,68,22
other,42,39
other,4,89
other,76,48
other,65,82
other,80,69
other,79,91
c2,102,106
other,104,36
other,121,92
other,33,88
other,42,120
other,12,82
other,52,116
other,6,57
other,25,21
other,117,44
c2,55,23
c0,34,63
other,57,100
other,113,116
other,100,109
other,45,116
other,41,34
other,44,12
other,97,65
other,95,91
other,91,11
other,66,80
c2,22,111
other,115,21
other,49,43
other,78,28
other,79,43
c13,84,106
other,58,120
other,50,17
other,116,4
other,48,90
other,31,61
other,51,22
other,75,53
c57,115,41
c14,78,126
other,79,49
other,49,122
other,86,54
other,7,41
other,100,118
other,107,47
other,26,64
other,59,45
other,6,126
other,0,49
other,56,51
other,104,50
other,33,81
other,112,12
other,31,37
other,56,12
other,99,39
other,107,105
other,74,51
other,115,84
other,43,110
c0,125,99
other,35,29
other,34,126
other,22,20
other,85,66
other,127,86
other,111,84
other,64,47
other,29,41
other,81,7
c2,18,83
other,91,61
other,16,118
other,112,71
other,78,113
other,84,39
other,72,94
other,117,111
other,56,53
other,36,124
other,51,115
c2,46,45
other,13,124
other,110,101
other,79,7
other,75,51
c2,41,8
other,82,40
other,31,59
other,25,25
other,7,32
other,45,38
other,58,10
other,85,49
other,2,34
other,21,62
c15,78,88
other,64,118
other,2,69
other,75,84
other,65,115
other,109,112
other,57,47
other,124,99
other,85,57
other,23,18
other,30,104
other,19,76
other,117,25
other,40,63
other,82,49
other,94,61
other,81,14
other,66,35
other,81,78
other,26,105
other,10,57
other,13,37
c36,8,13
other,16,84
other,36,122
other,123,72
other,91,102
other,72,117
other,100,29
other,10,22
other,67,11
other,9,54
other,54,74
other,117,46
other,121,66
other,113,97
other,117,95
other,82,35
other,1,15
other,80,123
c55,32,21
other,86,110
other,97,124
other,39,79
other,106,42
other,123,5
other,30,103
other,70,13
other,17,63
other,118,31
other,17,26
other,6,55
other,105,70
other,114,79
c15,10,63
other,91,85
other,72,83
other,95,119
other,51,43
other,50,83
other,65,66
other,4,63
other,115,57
other,56,61
c39,100,41
other,78,58
other,74,94
other,108,98
other,73,39
other,24,39
c2,98,93
other,16,51
c2,80,86
c16,41,74
other,83,114
other,118,114
other,48,116
other,48,80
other,53,117
other,34,37
c17,85,86
other,81,107
other,62,35
other,115,56
other,97,91
other,105,65
other,12,90
other,72,39
other,75,19
other,100,36
other,76,20
other,28,32
other,71,2
c0,107,67
other,2,59
other,29,95
other,32,117
other,72,101
other,60,125
other,0,43
other,69,78
other,69,25
c57,63,116
other,75,105
other,12,66
c5,18,59
other,86,57
other,43,31
other,38,20
c2,80,61
other,63,115
other,86,65
other,65,31
other,124,103
other,14,81
other,79,67
other,7,58
other,8,100
other,51,107
other,72,105
other,50,118
other,47,63
other,15,55
other,40,82
other,49,96
other,5,16
other,20,64
c13,19,27
c18,26,35
other,73,116
other,32,7
other,31,83
other,72,67
other,72,120
c26,14,95
other,30,98
other,11,37
other,65,20
other,16,113
other,122,22
c0,35,47
other,21,122
other,68,74
other,14,8
other,85,108
other,118,54
other,54,22
other,59,125
c60,124,118
other,31,113
other,125,5
c31,70,19
other,38,39
other,26,12
other,11,78
c49,120,49
other,3,43
other,84,14
other,9,59
other,118,113
other,21,38
other,98,41
other,60,75
other,84,35
c19,76,59
other,24,99
other,78,48
other,46,90
other,70,39
other,103,118
other,123,6
other,100,58
other,90,18
other,112,31
other,38,86
other,96,123
other,109,3
c20,106,99
other,73,54
other,2,46
other,34,56
c2,78,67
other,1,88
other,7,66
other,107,49
other,33,41
other,117,113
other,76,68
other,94,57
other,40,107
other,35,101
other,26,108
other,29,46
other,23,123
other,108,31
c13,103,0
other,14,103
other,56,69
other,80,92
other,70,48
other,96,32
other,12,42
other,76,82
other,81,126
other,66,69
other,6,112
c36,52,0
other,46,34
other,102,15
other,81,46
other,87,85
other,70,117
other,16,92
other,96,120
other,7,94
other,99,44
other,50,110
other,57,79
c41,124,49
other,69,24
other,22,27
other,25,11
c21,81,94
other,49,124
other,41,13
c22,41,12
other,38,69
other,25,121
other,71,119
other,74,123
other,43,105
other,109,54
other,72,100
other,126,55
other,114,72
other,120,60
other,47,21
other,33,91
c2,118,93
other,19,60
c23,87,25
other,121,16
other,18,50
other,25,84
other,123,50
other,26,53
other,91,96
other,18,75
other,45,100
other,38,16
other,100,87
other,108,87
other,57,84
other,65,53
other,57,39
other,86,106
other,94,99
other,90,21
other,94,21
other,79,65
c5,69,22
other,2,106
other,36,79
other,2,119
other,93,65
other,117,100
other,48,111
other,11,64
other,5,13
other,36,81
other,1,97
other,49,110
other,72,102
other,93,18
other,67,42
other,61,71
other,93,9
other,119,73
other,41,4
other,116,26
other,0,7
other,80,43
other,38,11
other,69,14
other,71,95
other,120,44
other,64,123
other,74,99
other,121,41
other,83,23
c2,9,103
other,119,41
other,88,118
other,61,126
other,36,111
other,66,100
other,84,74
c44,121,113
other,59,46
other,116,42
other,99,86
c24,44,24
other,19,97
other,88,89
other,21,20
other,76,95
other,48,106
other,55,83
c0,72,56
other,121,32
other,110,70
other,115,74
other,54,37
other,17,68
other,28,121
other,79,48
other,8,5
other,82,53
other,45,70
other,9,26
other,28,27
c25,100,117
other,29,106
other,79,33
other,76,21
other,2,15
other,121,89
c26,71,91
other,127,30
c30,34,45
other,38,121
other,69,99
other,40,57
c78,120,12
other,85,84
other,19,42
other,98,1
other,81,29
other,11,75
other,53,82
other,113,120
other,41,76
other,56,60
other,101,36
other,94,78
other,115,9
other,14,88
other,93,26
other,11,121
c27,99,120
other,32,49
other,101,8
other,95,97
other,86,41
other,85,96
other,17,4
other,75,48
other,8,126
other,10,91
other,101,20
other,50,125
other,47,71
other,57,8
other,110,81
c2,71,7
other,16,31
other,28,18
other,59,49
other,61,82
c73,95,23
other,69,104
other,63,122
other,78,98
other,118,41
other,66,40
other,30,43
other,3,91
other,92,108
other,15,105
other,55,19
other,100,26
other,34,64
other,35,9
other,19,62
other,78,22
other,19,80
other,46,78
other,101,58
other,90,57
other,36,82
other,40,74
c45,76,123
other,98,100
other,2,121
other,24,86
other,122,119
other,74,27
c28,85,12
other,104,96
other,35,53
other,86,111
other,8,49
other,115,66
c29,6,78
other,26,61
c66,38,59
other,111,17
other,97,82
other,82,50
other,14,4
other,112,24
other,84,24
other,89,100
other,87,78
other,88,69
other,90,27
other,84,78
other,36,2
other,58,114
other,61,16
other,52,53
other,0,37
other,105,95
other,107,3
other,110,13
other,68,45
other,52,102
other,48,110
c0,93,83
other,1,17
other,64,28
other,46,108
other,109,51
c6,92,83
other,32,106
other,97,94
c16,113,83
other,79,4
other,17,39
other,93,3
c21,123,41
c30,42,89
c2,70,124
other,50,50
c2,120,7
other,60,32
other,115,110
c31,43,29
c32,93,88
other,1,99
other,119,42
other,117,3
other,52,47
other,64,21
other,11,66
other,15,21
other,83,30
other,81,119
other,100,84
other,39,61
other,115,112
other,51,29
other,82,1
other,108,50
c33,58,113
other,95,61
other,60,127
other,126,39
other,59,66
other,67,62
other,117,118
c4,113,124
other,98,111
other,41,111
other,54,47
other,119,47
other,85,107
other,33,122
other,110,5
other,59,20
other,73,113
other,83,122
other,80,71
c0,110,35
c0,106,5
other,41,47
other,6,87
other,60,27
other,5,21
other,109,34
other,117,65
other,122,90
c34,87,93
other,11,95
other,108,91
other,20,53
other,85,10
other,18,102
other,42,44
other,105,74
other,109,50
other,116,18
other,60,35
other,111,121
other,64,13
other,26,28
other,71,49
other,68,41
other,2,9
other,112,36
other,26,20
other,81,62
other,123,102
other,30,19
other,38,57
other,78,47
c35,29,8
other,72,59
c2,2,100
other,66,42
other,58,85
other,28,112
other,18,48
other,44,89
other,26,88
other,58,6
other,26,11
other,50,86
other,21,61
other,53,16
c36,124,80
other,73,58
other,126,83
c37,69,107
other,98,18
other,116,38
other,107,111
c24,39,108
other,100,106
other,19,30
other,62,9
other,44,125
c31,11,0
other,67,32
other,109,118
other,70,85
c21,68,57
other,42,36
c12,26,56
other,2,108
other,88,107
other,66,91
other,123,35
other,77,124
other,58,69
other,116,37
other,102,29
other,71,64
other,18,29
other,96,39
c38,47,12
other,52,79
other,38,68
c44,116,46
other,79,72
other,12,31
other,38,112
other,47,120
other,120,16
other,50,7
c10,33,25
other,37,78
other,12,49
other,70,90
other,41,38
other,18,38
other,78,73
other,111,74
other,38,37
other,118,51
c33,28,70
other,30,97
other,57,107
other,69,81
other,63,38
other,0,109
other,104,73
other,124,18
other,63,26
other,32,54
other,110,102
c39,124,81
other,78,127
other,66,125
other,71,89
other,41,117
other,118,33
other,36,43
c2,77,63
other,37,85
other,39,51
other,121,98
other,51,39
other,36,36
other,77,4
other,6,115
c44,59,70
other,70,92
c30,110,60
c40,111,56
other,21,57
other,125,115
other,75,58
other,84,68
c33,48,67
c18,24,27
c26,74,118
other,16,52
other,66,23
other,28,117
other,52,83
other,61,25
c36,47,47
other,57,126
other,119,120
other,19,16
other,10,121
other,6,82
other,26,46
other,11,10
other,40,19
c8,52,127
c21,11,102
other,19,98
other,115,88
other,71,81
other,45,82
c41,24,121
other,31,41
other,85,4
other,117,21
c6,66,78
other,81,124
other,47,77
other,119,97
other,39,2
other,74,105
other,114,42
other,27,109
other,46,28
other,40,67
c2,46,118
other,25,17
c26,89,96
other,108,118
other,24,104
other,0,124
other,17,20
other,104,40
other,6,116
other,35,62
other,44,122
c67,116,31
other,69,98
other,4,3
other,22,110
other,20,65
other,105,30
other,72,76
other,124,68
other,17,107
other,16,109
c22,14,58
other,60,9
other,93,67
other,59,33
other,104,64
c29,75,70
c2,64,85
other,16,11
other,37,90
other,51,64
other,101,53
other,116,59
c6,53,102
other,49,121
other,107,64
other,108,102
other,124,48
other,107,66
other,31,32
other,115,73
other,84,16
other,72,103
other,11,108
other,125,12
other,12,107
other,72,7
other,109,61
other,81,105
other,43,40
other,106,52
other,57,1
other,64,48
other,63,20
other,51,42
other,4,67
other,81,116
other,95,120
other,114,49
other,71,46
other,100,16
other,79,84
other,114,97
other,109,121
other,8,2
other,113,99
other,26,91
other,107,57
c64,108,72
other,47,81
other,74,55
c34,117,33
other,18,79
other,46,25
other,71,31
other,50,61
other,112,33
other,65,124
other,26,57
other,39,105
other,56,52
other,124,30
other,101,56
other,33,86
other,52,44
other,23,44
c41,16,71
other,82,72
other,106,13
other,105,16
other,62,52
other,38,33
other,71,118
other,9,92
other,10,12
other,107,118
other,37,87
other,40,126
other,15,47
other,106,32
other,32,91
other,38,17
other,28,46
other,85,125
other,69,27
other,27,25
other,72,28
c13,37,31
c5,14,13
other,77,29
other,106,39
c3,96,105
other,62,49
c42,4,51
other,35,23
other,80,2
other,92,53
c43,24,42
other,114,28
other,13,66
other,114,31
other,127,102
other,73,83
other,89,37
other,71,85
other,122,100
c0,116,16
other,113,66
other,28,76
c8,66,14
c10,93,29
other,17,52
other,65,71
other,16,5
other,57,45
other,17,87
other,32,103
other,105,43
other,126,50
other,1,20
other,2,122
c0,112,15
other,117,16
c7,79,122
other,43,33
other,82,119
other,2,49
c44,103,94
other,114,98
other,19,18
other,103,122
other,59,67
other,109,15
c72,74,13
other,34,52
other,27,36
other,90,0
other,20,5
c74,105,36
other,123,111
other,49,45
other,26,0
other,26,55
other,75,37
c79,93,102
c0,35,109
other,38,22
other,45,96
c59,66,88
other,15,58
other,18,32
other,96,47
other,67,106
other,126,66
c64,93,99
other,46,37
other,86,93
other,22,15
other,101,2
other,66,97
other,89,9
c25,64,108
other,108,85
other,7,53
other,113,86
other,33,33
other,127,49
other,29,67
other,62,78
other,79,35
other,59,63
other,119,78
other,127,4
other,104,32
other,24,98
c45,37,124
other,2,72
other,34,108
other,102,17
other,32,8
other,5,53
other,27,54
c39,27,103
other,34,100
other,42,77
other,58,22
other,39,111
other,71,82
c29,6,113
other,113,18
other,90,17
other,6,20
other,8,14
other,2,77
other,86,70
other,38,1
other,117,92
c30,25,18
c79,12,3
other,117,109
c15,99,23
other,62,86
other,29,56
other,114,59
other,51,74
other,94,34
c51,98,70
other,3,47
other,32,22
other,44,73
other,47,127
other,75,55
other,94,6
other,117,50
other,50,117
c13,51,57
other,121,82
other,122,113
other,104,72
c2,66,93
other,33,89
other,103,30
other,115,82
other,120,95
other,91,40
other,18,34
other,5,15
other,49,20
other,86,19
other,98,113
other,79,26
other,58,67
other,34,33
other,55,101
other,50,120
other,9,118
other,83,47
other,103,45
other,8,54
other,2,11
other,16,58
other,110,94
other,50,56
other,22,11
other,122,48
other,17,36
other,28,53
other,71,48
other,87,73
other,26,27
other,33,35
other,47,95
other,24,68
other,83,40
other,99,35
other,46,11
other,100,48
other,72,51
other,81,45
other,75,83
other,119,107
other,39,75
other,24,91
other,96,83
other,103,63
other,57,5
other,101,28
c6,116,0
other,78,123
other,74,20
other,54,42
other,103,89
other,68,68
other,0,54
other,89,5
other,74,40
other,119,33
other,55,14
other,29,65
other,4,20
other,5,22
other,38,110
other,53,71
other,38,114
other,8,20
c2,99,124
other,118,77
other,121,19
other,8,7
other,35,115
other,12,21
other,0,80
other,117,47
other,43,42
other,71,117
c69,41,126
other,96,118
other,126,14
other,19,96
other,51,56
other,0,73
other,23,50
other,8,69
c46,1,52
other,0,107
other,22,12
other,109,24
other,86,101
c37,6,32
other,52,5
other,83,98
other,58,51
other,13,10
other,27,70
other,19,14
other,109,58
c39,28,110
other,99,82
other,75,98
other,12,111
other,45,10
other,124,2
other,114,10
other,125,80
other,55,72
other,120,27
other,10,19
c47,122,45
other,17,111
other,51,12
c42,60,52
other,10,70
other,116,81
other,36,61
other,109,4
other,5,95
other,4,1
c30,67,89
other,90,123
other,90,59
other,41,120
other,65,110
other,3,78
other,113,59
other,38,89
other,82,60
other,7,86
other,82,94
other,39,53
other,13,45
other,58,16
other,27,118
other,88,58
other,92,107
other,113,21
other,63,79
other,115,61
other,11,62
c2,48,77
other,57,89
c21,105,107
other,121,124
other,107,113
other,3,18
other,5,123
other,119,21
other,67,26
other,75,119
other,23,19
c54,121,30
other,118,12
other,80,70
other,120,4
other,33,72
other,120,53
other,7,63
other,36,75
other,72,45
other,87,71
other,27,92
other,62,107
other,105,72
other,59,21
other,58,74
other,5,40
other,105,11
other,13,14
other,86,61
other,96,115
other,77,59
c40,22,67
c77,15,49
other,67,116
other,47,7
other,101,96
other,4,112
other,25,42
c13,104,87
other,82,4
other,23,121
c5,46,52
c2,42,50
other,5,127
other,2,75
other,19,11
other,105,81
other,47,45
other,15,106
other,106,69
other,26,79
c6,80,64
other,90,79
other,106,85
other,120,40
other,40,15
other,37,112
c48,41,121
other,76,84
other,83,7
other,109,39
other,49,80
other,27,44
other,38,78
other,55,109
other,75,77
other,15,72
other,89,34
c65,26,72
other,16,39
other,63,109
other,29,107
other,46,114
c52,114,103
c72,75,28
c31,32,34
c13,65,59
other,64,60
other,115,54
other,39,76
other,4,117
c49,18,39
other,89,89
other,34,14
other,1,120
c7,107,78
other,47,114
other,9,16
other,23,116
other,65,19
other,83,18
other,104,99
c50,39,118
other,105,17
other,79,2
other,127,79
other,27,114
c31,24,85
other,110,41
c29,12,17
other,51,27
other,85,56
other,113,12
other,115,60
other,68,31
other,66,81
other,14,29
other,30,12
c12,94,5
other,105,2
other,119,119
c51,93,51
c18,24,106
other,84,30
c34,30,106
other,54,49
other,77,94
other,85,101
other,40,9
other,84,1
other,32,28
other,38,0
other,31,15
other,105,52
other,90,29
other,23,6
other,104,116
other,23,42
other,71,60
other,75,97
other,7,7
other,61,19
other,101,14
other,81,49
other,4,19
other,53,57
other,108,100
other,3,127
other,46,67
other,59,110
c52,113,19
other,63,86
c2,33,69
c30,47,99
other,75,45
other,18,43
other,99,32
other,38,65
other,95,12
other,4,107
other,36,88
other,74,89
other,93,106
c73,63,89
other,88,120
other,63,91
other,78,96
c31,106,34
other,35,5
c5,38,90
other,36,68
other,51,3
other,56,91
other,95,44
other,40,61
other,29,21
other,54,59
c76,17,66
other,72,34
other,58,126
other,83,95
other,30,94
c6,63,108
other,13,49
other,80,35
c35,118,108
other,51,21
other,80,34
other,81,114
other,67,43
other,6,125
other,55,107
other,42,56
other,66,48
other,115,59
other,89,83
other,68,97
c14,21,90
other,50,4
other,15,121
other,32,69
other,66,2
other,5,79
other,89,92
c13,106,45
other,82,63
other,98,61
other,38,100
other,42,70
c21,23,38
other,51,104
other,8,103
c16,32,107
other,81,13
other,83,119
other,3,2
other,81,26
other,22,96
other,18,126
other,60,123
other,18,120
other,1,84
c36,91,112
other,75,123
c29,49,66
c0,2,22
c28,125,98
other,7,9
other,0,38
c14,20,99
other,44,101
c0,13,121
other,106,10
c38,106,117
c0,74,106
other,106,62
other,71,121
other,87,112
other,86,125
other,21,65
other,91,16
other,34,112
other,122,31
other,92,43
other,41,61
other,94,125
c51,18,101
other,120,0
other,60,31
other,1,23
other,80,27
other,127,46
other,116,39
other,28,20
other,113,57
other,114,67
other,50,112
c52,51,58
other,33,103
c11,83,68
other,93,55
other,46,65
other,59,88
other,95,64
other,42,6
other,114,58
other,41,46
other,92,33
other,110,32
other,42,4
other,123,89
other,67,87
other,84,38
other,88,57
other,45,12
other,18,18
other,29,11
other,76,16
other,66,92
other,83,36
other,46,103
other,118,99
other,87,24
other,24,83
other,79,51
other,43,93
c76,29,122
other,46,43
other,39,14
other,88,95
other,118,72
other,64,42
other,72,50
other,79,105
other,73,94
other,102,112
other,35,87
other,54,21
other,43,5
other,126,102
other,96,72
other,68,49
other,100,13
other,7,54
other,82,80
c25,38,95
other,126,69
other,0,68
c0,46,109
other,78,41
c39,89,52
other,116,51
c56,45,35
other,31,74
other,20,72
c74,123,100
other,24,82
other,47,8
other,95,86
other,9,62
other,85,0
c1,107,58
other,73,0
other,69,123
other,118,88
c44,43,49
other,105,58
other,96,97
other,95,81
other,73,103
other,52,98
other,4,121
other,14,5
other,103,86
other,46,49
other,55,33
other,93,117
c13,96,114
c53,10,30
other,67,112
c54,26,71
other,37,26
other,109,92
other,54,80
other,82,95
c6,16,67
other,114,14
c55,119,57
other,126,31
other,75,25
c13,102,42
other,70,23
other,8,17
other,81,5
other,103,76
other,1,78
other,88,24
other,55,63
other,37,94
other,30,28
other,38,9
other,19,2
other,11,73
other,98,84
other,116,121
other,2,90
other,16,81
other,85,52
c8,18,65
other,47,66
other,93,103
other,15,40
other,53,42
other,30,92
c23,80,79
other,66,121
c64,104,4
other,84,62
c21,77,42
other,60,13
other,90,62
other,43,70
other,64,82
other,61,115
other,69,121
other,106,49
other,116,117
c6,96,101
other,10,39
c30,50,44
other,119,53
other,70,67
other,17,56
other,0,25
other,23,41
other,63,107
other,23,63
c0,57,90
other,123,95
c56,68,21
other,68,100
other,104,67
c48,2,96
other,73,110
other,84,112
other,62,102
other,111,118
other,25,90
other,68,50
other,55,55
other,58,53
other,49,90
c2,4,115
other,28,96
other,26,111
other,119,34
c57,87,104
other,62,89
other,121,112
c60,99,107
other,127,39
other,104,43
other,87,92
other,124,35
other,55,98
other,114,109
other,123,103
other,99,104
other,3,92
other,10,117
other,53,20
other,63,15
other,44,90
other,74,112
other,94,58
other,88,40
other,10,14
other,88,12
other,102,78
other,104,80
other,53,119
other,106,70
other,126,75
other,0,118
other,117,80
other,42,10
other,127,93
other,123,32
other,12,29
other,92,80
c39,0,105
other,88,16
c3,27,64
other,24,58
other,1,65
other,32,81
c2,83,3
other,45,28
other,122,47
other,59,10
other,110,38
other,38,96
other,53,108
c4,79,54
c6,120,26
other,118,11
c37,81,50
other,79,55
other,106,91
other,122,26
c33,23,9
other,7,20
other,22,25
c0,82,47
other,122,32
other,13,42
other,114,45
other,62,5
other,77,7
other,46,122
other,89,14
other,49,52
other,41,36
other,22,105
other,88,101
other,5,39
other,20,55
other,112,119
c17,31,27
c2,97,4
other,91,116
other,18,66
other,113,52
other,62,113
other,122,72
other,52,42
other,73,53
other,37,60
c51,8,108
other,95,50
other,65,85
other,110,3
other,32,111
other,7,4
c13,37,104
other,12,38
other,65,45
c67,59,93
other,40,8
other,49,119
other,84,111
other,18,78
other,61,47
other,16,101
other,62,45
other,9,125
other,59,119
c14,111,37
other,5,28
other,28,28
other,1,100
other,97,123
other,61,20
c44,0,102
c58,18,1
other,22,78
other,122,109
c45,99,31
other,102,87
c44,87,79
other,73,10
other,94,62
c50,0,16
other,32,125
other,127,101
c26,15,127
other,62,109
other,36,9
other,102,48
other,33,10
other,73,85
c20,62,96
other,122,99
other,16,57
other,104,14
c79,13,38
other,86,126
other,62,41
other,82,29
other,45,21
other,63,82
other,20,2
c35,90,85
other,46,0
other,25,120
c23,98,85
other,86,92
other,98,42
other,98,28
other,67,120
other,119,4
other,78,105
c47,124,125
other,52,56
other,63,96
other,83,87
other,118,120
other,14,18
other,49,88
other,71,77
other,116,73
other,66,5
other,63,14
other,57,54
other,77,87
other,76,55
other,24,120
other,66,101
other,66,18
other,110,0
other,81,3
other,22,35
other,90,121
other,87,97
other,97,69
other,10,110
other,47,105
other,57,108
other,61,108
other,102,80
c45,43,96
other,101,120
other,22,79
other,96,124
c6,26,68
other,63,83
other,68,33
c48,1,106
other,121,106
c11,41,39
other,26,8
c11,112,9
other,118,0
other,51,8
other,12,60
other,36,93
other,82,45
other,38,109
other,44,108
c6,55,39
other,62,81
other,124,13
c0,16,60
other,118,37
other,21,2
other,34,9
other,113,93
c65,18,104
c40,116,50
other,74,60
other,1,62
c14,55,124
other,48,37
other,49,68
other,92,3
other,110,66
other,39,9
other,127,15
other,125,85
other,99,33
c25,23,79
other,113,13
c4,13,120
other,17,44
c18,73,105
other,56,78
other,120,89
other,122,70
other,89,55
c79,35,25
other,101,126
c13,43,54
other,26,125
other,96,111
c18,42,37
other,39,117
other,107,52
other,29,112
other,116,122
other,19,81
other,80,22
c67,67,4
other,125,105
other,59,16
other,7,114
other,80,12
other,95,22
other,45,6
other,112,3
other,16,61
other,42,54
other,15,41
other,11,76
other,8,92
other,108,81
other,95,58
other,63,51
other,28,97
other,29,47
other,103,58
c6,34,78
c28,6,76
other,55,43
other,99,84
other,76,125
c13,117,17
c33,107,107
other,109,77
c59,88,83
other,10,120
other,81,111
other,16,120
other,121,49
other,4,52
c16,108,93
c21,57,77
other,53,54
other,75,39
other,58,62
other,58,9
other,5,77
c60,2,92
c68,35,69
other,120,88
other,63,67
other,54,122
other,126,56
other,107,18
other,21,60
other,112,1
c34,35,37
other,102,79
c48,29,38
other,80,54
c2,55,44
other,37,70
other,102,52
other,124,121
c74,55,71
other,63,123
c47,73,7
other,108,42
c35,35,125
c19,84,15
other,36,54
other,63,30
other,25,112
c42,51,91
other,88,47
other,7,31
other,104,41
c6,8,65
other,53,7
other,8,78
other,88,37
other,56,92
c0,64,7
c61,26,29
other,20,89
other,117,69
other,14,36
other,103,61
c66,18,118
other,70,118
c46,84,100
other,48,28
c47,111,117
other,43,62
other,87,120
other,102,26
other,119,111
other,56,6
other,15,110
other,109,106
other,76,63
other,117,34
c50,8,44
other,116,32
other,112,60
other,4,29
other,124,40
other,45,105
other,31,86
other,119,106
other,38,27
c51,30,24
other,39,60
other,86,103
other,61,11
other,109,80
c19,58,116
other,103,40
other,20,60
other,119,11
other,40,20
other,67,45
other,2,24
c79,72,73
c62,46,50
other,125,126
other,76,45
other,87,126
other,12,27
other,42,74
other,71,58
other,36,15
other,46,110
other,68,105
c14,19,28
c10,123,63
c10,21,18
other,56,42
other,111,93
c47,39,23
other,50,127
other,101,64
other,105,31
other,71,45
other,74,69
other,59,83
c49,105,112
other,86,121
other,67,82
other,0,0
other,31,29
other,40,81
c6,73,32
other,70,83
c1,45,67
other,50,12
other,18,76
other,75,90
other,93,75
other,17,92
c2,51,18
other,2,51
other,31,92
other,100,96
other,126,15
c6,72,91
other,109,108
c2,42,57
other,20,117
other,110,36
other,35,81
c17,30,64
other,82,74
other,63,70
other,110,74
other,22,57
c4,96,50
other,39,63
c21,70,107
other,112,68
other,14,47
c1,93,32
other,51,77
other,106,46
c63,6,16
c57,112,62
other,85,81
c7,120,126
c24,102,66
other,44,49
other,125,31
other,82,44
other,36,7
other,88,2
other,123,47
other,68,13
other,41,29
other,36,110
other,71,101
other,85,23
other,103,12
c40,19,20
other,99,97
other,113,73
c39,20,118
other,82,83
c15,16,43
other,31,31
other,53,93
other,121,67
other,45,77
other,3,28
other,112,125
c31,106,25
c59,54,103
other,93,92
other,74,90
other,34,18
other,121,59
c19,98,67
c51,78,124
other,42,117
other,15,113
other,54,81
other,110,7
other,120,70
other,5,24
c73,44,52
other,49,67
other,7,21
other,76,35
other,107,81
other,30,10
other,20,26
other,52,29
c22,92,116
other,101,3
c6,123,39
c18,16,44
other,115,100
other,17,25
other,51,90
other,83,33
other,6,6
other,107,54
other,108,27
other,61,105
other,64,3
other,64,8
c4,49,51
c65,20,52
other,1,4
other,108,97
other,70,49
c1,51,24
other,116,100
other,16,21
other,46,29
c51,115,30
other,54,1
other,12,22
other,14,15
other,118,43
other,104,68
other,123,42
c46,56,63
other,90,1
other,64,122
other,115,81
other,52,80
other,48,44
other,91,29
other,76,76
other,78,24
other,54,56
other,3,45
other,98,119
other,76,91
other,105,51
c36,17,116
other,125,112
other,90,117
other,91,6
other,53,28
c27,13,108
other,1,66
other,31,69
c47,17,5
other,31,79
other,98,79
other,21,36
other,5,90
other,81,11
other,80,57
other,59,25
other,106,108
other,77,52
other,1,45
other,125,52
other,98,97
other,125,13
c46,55,52
c30,115,2
other,114,63
c44,118,9
other,52,54
c29,120,52
other,94,82
other,58,76
other,99,41
other,26,96
other,72,32
other,104,30
c22,68,32
other,73,73
c13,52,1
other,49,42
other,46,26
c68,102,44
other,0,5
other,6,93
other,83,99
c23,39,115
other,14,1
other,11,92
c28,81,33
other,24,115
c6,62,8
other,69,35
other,91,104
other,82,108
other,65,72
other,13,79
c64,36,84
other,18,49
other,76,66
other,92,69
c31,101,93
other,47,89
other,64,32
other,39,81
other,10,111
other,113,63
other,75,36
c13,22,107
c47,98,19
other,11,103
c35,29,18
other,73,57
other,60,113
other,127,107
other,110,86
c53,21,40
other,14,64
other,84,23
other,27,17
other,0,52
c4,29,39
other,56,40
other,96,113
other,30,3
c30,28,12
other,14,80
other,85,33
other,45,33
c4,112,114
other,0,48
other,44,48
c37,68,15
c30,22,95
c47,43,21
other,103,104
c35,95,49
other,7,85
other,40,62
c66,75,26
other,97,49
other,20,37
other,54,8
other,52,90
other,69,90
other,120,55
c39,35,38
other,49,84
other,21,74
other,79,30
other,33,75
c74,120,41
other,116,47
other,46,47
other,50,103
other,76,19
other,36,127
other,106,28
other,64,11
other,20,77
other,18,9
other,1,40
other,125,37
other,49,39
other,49,111
c0,26,18
other,105,19
c41,55,40
other,104,57
other,1,110
other,17,95
other,23,23
other,79,17
other,53,34
other,118,102
other,92,40
c78,1,34
other,120,2
c38,117,18
other,50,69
other,45,36
other,44,74
other,50,48
other,13,123
c65,56,124
other,26,43
other,76,117
other,88,73
other,106,47
other,36,16
other,102,13
other,25,71
other,20,9
other,67,67
other,39,119
other,54,114
other,93,40
other,69,45
other,2,66
other,39,66
c6,74,86
other,94,106
other,126,1
other,76,110
other,47,27
other,2,50
c34,35,39
c3,13,83
other,55,25
other,96,9
other,108,79
other,122,18
other,122,106
other,10,82
other,25,69
c19,87,0
other,42,127
other,113,96
other,67,8
other,70,71
c5,103,78
other,113,121
c52,9,96
other,50,15
other,28,98
other,126,21
other,26,117
other,78,53
c75,125,72
other,79,21
other,89,113
other,111,90
other,111,68
other,6,54
c72,72,75
other,21,107
c0,104,11
other,7,11
other,104,46
other,120,74
c10,21,69
c35,55,37
other,83,127
other,37,63
other,13,35
other,94,127
other,95,65
other,99,18
other,42,33
other,111,44
c7,103,23
c41,32,98
c66,56,55
other,113,10
other,31,49
c50,63,92
other,68,122
c35,106,15
other,33,4
c9,108,80
other,97,122
other,43,68
other,83,66
c52,28,114
c3,63,50
c0,58,77
other,28,29
other,4,47
c18,67,117
other,63,9
other,113,0
other,92,42
other,15,4
other,76,13
other,72,69
other,14,71
other,16,26
other,24,4
other,15,28
other,101,51
other,66,111
other,2,74
other,115,47
other,108,122
other,69,47
c2,33,26
other,73,88
other,99,3
other,50,54
other,12,41
other,104,84
other,88,21
other,63,19
other,91,50
other,119,13
other,94,19
other,68,117
other,72,127
other,1,61
other,50,52
other,100,99
other,106,66
other,8,72
other,112,13
other,119,99
other,6,119
other,67,79
c37,1,55
other,85,8
other,3,126
other,90,65
other,34,26
other,91,36
c27,40,36
other,22,92
other,70,52
c29,19,13
other,23,49
other,9,34
c6,87,41
other,110,12
other,54,90
other,95,98
other,107,123
other,59,77
other,51,100
other,23,99
other,62,67
other,124,74
c13,24,78
other,53,9
other,89,69
c7,60,101
other,49,57
c13,110,77
other,103,37
other,48,81
other,48,118
other,57,81
other,87,116
other,16,77
c64,52,32
other,99,49
other,73,12
other,46,59
other,112,63
other,42,30
other,16,40
c36,1,74
other,10,24
other,114,55
other,90,41
c6,121,60
c56,93,8
other,107,124
other,49,3
other,40,7
other,39,100
other,42,123
c37,50,18
c35,53,55
other,96,127
other,72,57
other,7,23
other,80,0
c67,34,92
other,89,44
c3,113,112
other,25,125
other,21,78
other,26,22
other,51,97
other,109,66
other,12,110
other,13,47
other,3,107
other,34,114
c38,63,127
c69,24,38
c41,12,1
other,44,92
other,38,46
c78,124,66
other,104,103
other,73,27
other,63,31
other,52,22
other,9,85
c0,4,111
other,107,14
other,78,62
other,108,5
other,69,9
other,56,67
other,60,37
other,39,64
c67,56,110
other,76,51
c53,29,105
other,54,34
other,95,25
other,8,18
c40,39,99
other,4,86
other,43,114
other,93,91
other,100,55
other,28,77
other,93,48
other,113,72
other,21,55
other,29,49
other,89,50
other,20,74
other,2,127
other,108,38
other,2,91
other,39,58
c73,62,31
other,92,66
other,71,69
c22,69,49
other,17,126
other,107,98
other,28,34
other,85,46
other,30,86
other,67,1
c18,115,104
other,2,105
other,43,60
other,14,57
other,7,113
other,24,8
other,75,64
other,58,1
other,4,91
other,33,36
c0,84,56
other,74,12
other,123,101
other,2,67
other,106,107
other,43,116
c35,31,44
c11,38,40
other,90,32
other,41,57
c68,110,109
other,76,58
other,127,38
other,60,10
other,50,107
c0,69,127
c35,113,26
c5,62,10
c2,4,116
other,120,25
other,57,48
c51,94,12
other,36,102
other,55,116
other,100,82
other,102,88
c37,47,91
other,56,73
other,74,32
other,74,85
c65,13,64
other,15,97
other,16,10
c18,55,70
other,103,85
c10,24,28
other,104,70
other,99,20
other,4,109
other,21,79
c45,13,54
c18,5,46
other,79,57
other,17,30
c76,106,3
other,108,54
c45,104,16
other,37,89
other,59,14
c2,97,119
other,127,27
other,5,96
c7,52,88
other,57,16
other,55,21
other,8,56
other,0,72
other,55,10
other,71,40
other,102,98
other,86,75
other,30,112
other,30,7
other,65,74
c41,101,35
other,65,35
other,21,7
other,89,67
other,53,87
other,58,34
other,12,79
other,18,20
other,66,49
other,122,59
other,97,115
other,126,91
c19,120,81
other,96,44
other,61,22
other,72,104
c47,92,111
other,74,47
other,5,115
other,62,32
c9,113,106
other,60,88
other,0,15
other,77,9
other,72,108
other,61,56
c30,2,98
other,10,75
other,109,82
other,98,116
other,102,84
other,125,38
other,74,124
other,119,114
other,69,125
c27,123,104
c50,35,85
other,21,67
other,55,126
other,121,73
other,48,96
other,115,25
c77,91,15
c2,47,52
other,3,115
c7,33,70
other,19,1
other,66,122
c69,99,26
other,7,88
other,0,106
other,79,13
other,52,104
other,76,102
other,59,61
other,93,52
other,97,61
c37,94,15
other,37,115
c15,111,2
other,27,83
other,5,69
other,93,16
other,20,109
c72,21,35
other,68,3
other,65,99
other,103,125
other,40,88
other,52,113
other,123,88
c40,24,55
other,84,21
c41,122,103
other,59,126
other,96,37
c5,115,75
c58,0,112
other,81,30
other,0,108
c37,125,7
other,83,84
other,83,75
c41,100,79
other,114,60
other,114,91
other,30,126
other,94,91
other,13,63
c47,42,101
c33,68,6
other,73,117
other,45,41
other,17,38
other,22,36
other,122,55
other,75,80
other,123,54
c71,2,68
other,35,66
other,58,100
other,68,76
c33,80,84
other,96,56
other,1,117
other,7,115
c67,67,99
other,49,9
other,86,84
other,92,100
other,66,31
c70,127,58
other,111,0
other,73,2
other,105,64
other,105,125
other,118,13
other,50,34
other,49,13
other,61,3
other,58,112
c0,13,103
other,33,94
other,89,118
other,51,127
other,72,93
other,49,38
c46,0,13
other,123,61
other,15,65
c4,68,48
other,62,13
other,81,93
other,104,111
other,111,18
other,110,2
other,21,45
other,34,76
c2,36,67
c0,122,75
other,79,25
c66,8,76
other,31,125
other,106,111
other,46,117
c33,117,40
other,39,47
other,61,35
c20,48,57
other,14,112
other,3,29
other,55,31
other,31,33
other,3,81
other,65,44
other,113,29
other,21,114
c22,61,89
other,3,106
c41,34,22
c42,121,102
other,80,117
other,66,102
c7,25,111
other,112,69
other,4,24
c48,77,45
c57,54,124
c8,22,32
other,43,41
other,93,21
other,124,115
other,58,119
other,121,78
other,91,126
other,38,49
other,17,86
other,20,105
c10,88,22
c7,1,118
c24,19,64
other,114,104
other,63,118
other,12,13
other,36,62
other,61,24
other,61,42
other,80,100
other,53,115
c62,64,69
other,114,122
other,100,63
other,35,18
other,118,117
other,52,97
c65,113,25
c49,62,34
c41,32,115
other,56,79
other,1,77
other,57,115
c31,0,39
other,24,81
other,19,49
other,49,64
other,28,113
other,44,45
other,111,47
other,121,38
c55,20,102
other,114,105
other,119,79
other,36,45
other,3,39
other,2,28
other,4,33
c57,113,81
c50,126,7
other,44,28
other,115,123
other,110,108
other,7,68
c59,88,46
other,27,49
c7,77,16
other,118,49
other,125,58
other,84,8
other,10,51
other,103,84
other,0,56
other,60,57
other,91,51
other,8,102
other,40,84
other,7,69
other,120,31
other,59,106
other,80,120
other,75,13
other,86,50
other,57,41
other,111,102
other,56,121
other,91,99
other,34,2
other,84,63
other,92,0
other,41,95
other,4,65
other,53,120
other,88,91
other,80,111
c14,52,105
other,64,25
other,54,38
other,66,127
other,94,47
other,90,68
other,125,26
other,85,43
other,80,105
other,82,5
other,61,6
other,77,72
c1,54,23
other,26,2
other,66,126
other,60,38
c28,47,57
c15,122,16
other,71,28
c6,31,77
other,4,97
other,68,87
c47,100,27
other,11,77
other,6,34
other,29,32
c37,85,39
other,46,32
other,96,34
other,41,69
c35,16,105
other,54,119
other,80,82
other,96,67
other,35,82
other,66,119
other,34,122
other,112,47
c45,103,39
c26,93,31
other,28,48
c7,126,120
other,107,83
c0,120,92
c31,20,54
c27,78,43
other,76,93
other,33,60
c23,14,120
other,60,17
other,49,46
other,107,36
other,92,91
other,54,91
other,103,110
other,113,53
other,76,114
other,67,49
c35,96,16
other,118,39
c19,51,60
other,55,84
other,93,64
other,1,32
c36,108,113
other,97,120
other,119,108
other,58,121
other,76,115
other,54,107
c31,21,32
c44,83,42
other,87,58
other,61,32
other,89,6
c22,51,23
other,73,14
other,72,60
other,85,62
other,80,107
c18,72,22
other,45,80
other,99,98
c8,26,15
other,57,21
c6,97,8
c52,80,80
other,56,5
other,36,97
other,1,26
other,101,46
other,50,79
other,42,5
other,79,113
other,69,105
other,114,114
other,113,77
other,2,83
other,36,40
other,59,12
other,7,78
other,119,5
other,27,82
other,9,80
c35,67,68
other,109,13
other,11,99
c74,15,60
other,70,62
other,0,119
other,92,75
other,77,115
other,90,72
other,65,56
c4,94,75
other,120,127
other,72,99
c10,24,36
c36,26,16
other,106,21
other,74,108
other,57,49
other,103,2
other,88,114
other,86,62
other,5,104
other,99,9
other,76,7
other,35,32
other,101,111
other,101,101
other,9,70
other,100,10
other,49,69
other,69,66
c27,124,11
other,30,8
other,47,40
other,58,33
other,22,5
other,70,53
other,23,45
other,55,67
c72,51,40
other,118,116
other,114,24
other,119,28
other,25,110
other,120,22
other,16,100
c56,35,124
other,49,22
other,108,45
other,115,108
other,80,89
other,120,117
other,125,57
other,76,42
other,79,125
other,53,43
other,13,104
other,30,9
other,123,49
other,31,114
other,39,74
other,85,97
other,57,120
other,104,112
other,34,89
other,17,125
other,15,114
other,83,83
other,100,0
c6,103,80
c53,46,84
other,8,83
other,27,21
c26,21,4
other,78,46
other,6,13
other,77,21
other,29,44
c65,67,78
c2,17,60
other,67,102
other,48,15
other,55,3
c60,69,62
c22,15,6
other,37,82
other,102,30
other,53,53
c62,87,9
c62,47,48
other,30,49
other,28,43
other,20,108
c19,42,86
other,69,65
other,115,106
c43,67,94
other,78,68
other,94,119
other,86,16
c2,105,33
other,124,9
other,62,92
c19,83,111
other,58,23
other,113,58
c75,113,64
c52,39,46
c24,8,124
other,56,9
c30,70,30
other,97,100
other,44,64
other,25,119
other,92,61
c8,10,28
other,122,0
other,12,97
other,11,30
other,31,8
other,60,5
c8,1,75
other,63,53
other,42,78
c64,36,78
c15,76,52
c7,32,87
other,15,92
other,77,67
c43,103,10
other,73,121
c10,19,58
other,103,83
other,25,4
other,48,65
other,26,84
other,71,15
other,62,20
other,56,117
c63,71,84
other,74,39
other,18,63
c7,27,73
c8,85,78
other,22,75
other,127,37
other,118,79
c42,20,97
c58,93,96
other,101,65
other,54,105
c34,6,62
c19,82,11
other,13,28
c5,93,112
other,102,118
c55,33,21
other,67,74
other,16,48
other,109,103
c25,37,96
other,85,92
other,95,85
c25,101,117
other,77,55
other,8,15
c69,42,125
other,61,53
other,61,51
c51,17,101
c67,120,83
other,123,112
other,119,88
other,85,112
c22,69,50
c39,100,42
other,59,73
c22,13,57
c1,108,58
c38,118,17
c11,113,30
c41,101,34
other,1,16
c40,18,21
c8,16,89
other,126,68
other,0,88
other,99,37
c51,95,13
other,59,8
other,44,37
other,30,93
c19,43,87
other,14,48
other,25,57
other,16,121
other,31,70
c37,80,50
c51,17,50
other,81,120
other,89,112
other,27,110
c47,112,117
c40,112,56
c10,21,68
other,71,93
other,19,55
other,94,66
other,61,34
c6,32,78
other,83,59
c11,47,78
other,23,7
other,101,52
c7,78,122
other,23,67
other,123,67
c18,66,117
other,92,6
other,33,61
c18,72,106
other,17,31
other,116,91
c51,116,30
other,22,61
other,26,114
c28,86,13
other,116,36
other,91,68
other,22,126
other,77,28
other,36,30
c19,58,117
c55,120,58
other,101,105
c3,58,54
c2,63,12
other,33,116
other,68,20
c29,50,65
c6,34,77
c21,67,56
other,43,36
other,52,4
other,112,61
other,83,94
c74,124,101
other,11,61
c20,61,95
other,86,42
c22,14,7
other,60,61
other,35,79
c22,62,88
c23,14,119
other,55,102
c23,99,85
c6,54,101
other,4,53
other,50,43
other,25,81
other,38,13
other,47,33
c33,29,70
other,16,111
c27,40,37
c50,60,56
other,27,95
other,90,70
c9,32,93
other,75,69
other,125,54
other,37,53
c7,26,112
other,20,59
other,122,42
other,41,35
c38,47,11
other,37,58
c72,74,28
c10,24,35
other,26,42
other,63,100
c6,62,108
other,107,51
other,40,38
other,67,2
c35,36,126
c19,86,1
other,25,65
c6,119,27
other,75,52
c19,97,68
other,37,0
other,54,72
c50,7,44
other,103,111
other,60,12
c34,30,105
other,13,40
other,121,5
c63,6,17
other,83,123
c2,19,82
other,20,36
other,68,81
other,85,85
other,123,64
other,99,21
other,74,54
other,7,83
c39,89,53
other,99,29
other,40,114
other,19,43
other,61,125
other,106,14
other,117,101
other,74,33
c40,19,21
other,70,84
c38,106,116
other,110,121
other,76,36
c40,20,19
c47,40,24
other,97,90
other,31,111
other,107,39
c49,19,38
other,15,98
other,44,6
other,57,52
other,52,82
other,73,21
c69,111,13
c19,83,110
c31,93,2
other,43,123
c10,87,22
other,121,111
other,92,68
c39,34,39
c41,100,34
c30,34,44
other,38,19
other,52,65
c46,80,36
c17,84,86
c22,69,48
c6,88,41
c10,19,57
other,26,54
c35,119,109
c24,39,107
c27,100,121
c31,43,28
other,92,71
c40,111,55
other,82,65
other,18,40
c29,12,16
c6,96,8
c77,92,14
c2,41,9
other,29,43
c2,23,112
c49,106,113
other,67,50
other,57,12
c6,73,31
c19,76,60
other,37,83
other,49,4
c68,37,33
c27,122,105
other,117,42
other,82,93
other,71,103
other,79,73
c62,103,47
other,111,86
c50,38,117
other,34,86
other,56,3
other,51,92
c40,113,55
c21,102,121
other,90,5
c69,116,99
other,86,49
other,23,27
other,33,112
other,119,75
c69,10,119
other,94,22
c8,17,89
other,83,5
other,125,119
other,119,12
other,106,55
c27,79,44
other,45,121
other,82,66
c19,57,116
c6,95,100
other,43,106
c53,22,73
c55,33,22
other,55,41
c21,56,76
c7,126,119
other,12,78
other,60,78
other,76,54
other,39,38
c6,20,50
other,125,3
other,40,75
c51,114,30
c17,32,27
other,113,11
other,68,103
other,82,84
c69,41,124
other,67,122
other,48,64
other,123,113
other,43,119
other,95,43
other,74,113
other,109,102
other,7,92
other,99,0
other,22,58
other,115,10
other,97,84
other,87,124
other,124,41
c19,119,81
other,99,88
other,79,23
other,95,33
c0,115,15
c19,44,86
other,32,113
c7,2,118
c56,34,123
c41,102,36
c0,36,108
c60,1,91
other,5,116
other,89,98
other,10,79
c22,68,51
other,27,80
other,35,2
c35,96,17
c66,36,58
other,63,24
c62,45,48
c13,105,46
other,58,101
other,72,89
c28,87,12
c66,39,59
other,29,92
c59,53,103
c19,59,118
other,73,108
other,105,13
c62,45,49
c7,119,126
c67,41,6
other,7,12
other,124,100
c50,7,45
other,127,72
c33,81,85
c76,105,3
other,25,47
c22,70,50
c41,54,39
other,79,50
other,77,51
c51,18,100
other,84,98
c14,18,27
c20,105,99
other,41,54
other,105,91
other,34,62
c35,52,55
c11,112,8
other,99,25
c64,94,98
other,80,121
c8,40,21
other,43,7
other,125,16
c65,27,71
c40,110,56
other,30,31
other,103,105
other,54,48
other,73,74
other,18,4
c35,16,104
other,68,79
other,116,41
c77,17,49
c40,20,21
c0,71,55
other,48,119
c47,99,27
other,36,38
other,58,15
c62,104,47
c40,110,55
c7,77,121
c46,81,36
c23,97,85
c6,53,101
c17,86,85
other,59,7
c37,6,33
other,12,30
other,119,82
other,101,24
other,3,60
other,121,42
c31,94,1
other,116,17
other,13,29
c6,121,61
c63,72,84
c10,21,70
other,87,56
other,113,69
other,65,81
c18,39,8
c16,8,16
other,115,19
other,0,22
c63,5,17
c1,51,25
other,78,18
other,107,117
c24,39,109
c22,69,32
other,82,7
c26,13,94
other,38,10
other,124,50
c19,42,87
other,59,116
other,83,48
other,20,66
c23,100,86
other,14,124
c6,55,100
c40,114,54
other,39,16
other,18,45
c74,123,99
other,67,44
c6,35,77
other,36,112
c6,118,26
c26,15,126
c40,112,55
other,91,45
other,100,127
other,9,47
other,120,42
c16,41,73
other,4,21
other,35,86
c41,13,1
c66,55,54
c28,28,49
c24,40,108
other,51,117
other,24,84
other,117,76
other,74,73
other,42,41
other,115,71
c34,2,48
c16,114,84
c50,8,43
c35,117,108
other,41,81
c27,99,119
other,40,60
other,1,49
c62,46,51
c19,75,59
other,106,16
other,75,71
other,36,89
other,89,19
c6,73,91
other,73,16
other,1,39
c10,22,68
other,126,82
other,44,99
other,43,109
c22,70,51
other,23,83
c42,61,50
c6,74,31
c22,41,11
c13,38,105
c33,28,69
other,93,66
other,113,68
c25,36,96
other,19,29
c52,53,80
c31,92,2
other,72,49
c35,96,49
other,6,75
other,67,33
c3,28,65
c19,83,12
other,99,112
other,101,112
other,21,66
other,70,91
c22,15,5
other,7,84
other,102,21
c55,31,20
c18,73,107
other,48,22
other,2,93
c22,71,51
other,78,57
c19,59,117
other,8,91
c49,119,48
c76,29,123
other,40,12
other,83,1
c45,88,90
c33,118,40
other,107,122
other,34,87
c33,79,83
other,58,125
c22,67,52
c19,84,110
other,119,59
c67,122,82
c49,121,26
other,45,44
c11,113,31
other,44,61
c19,60,119
c62,44,50
c40,19,22
other,36,52
c42,51,93
other,68,30
other,109,101
other,17,40
c41,54,40
c24,7,123
c66,74,26
other,27,112
other,37,61
c58,92,97
c63,71,83
other,17,12
other,13,50
other,103,69
c10,22,19
other,82,79
other,76,72
other,115,58
other,73,29
other,87,49
c39,29,109
c63,6,15
other,73,43
c38,119,16
other,57,13
c6,74,30
c0,17,61
other,30,99
c45,77,122
other,126,37
other,116,113
c33,81,84
c19,85,2
c35,118,110
other,45,5
other,109,55
other,73,47
other,116,57
other,63,41
c27,39,37
other,22,80
c10,22,69
c38,105,118
c52,115,102
c35,51,54
c70,104,62
other,59,101
other,102,24
other,65,1
c71,1,67
c65,112,26
other,17,59
other,38,38
c40,113,56
c57,86,104
other,39,73
c21,104,107
other,3,90
other,96,64
c73,62,30
other,123,26
other,104,81
other,90,101
other,76,30
other,26,70
other,35,100
other,79,124
other,1,119
other,62,122
c65,57,125
c51,117,29
c22,71,50
c24,38,108
c66,8,77
c40,113,54
other,81,6
other,126,6
other,41,7
other,102,22
c6,35,78
c63,72,85
other,20,68
c10,20,70
other,57,82
other,48,21
c46,1,14
c38,63,0
other,51,55
c5,104,79
other,120,20
c51,97,71
other,84,37
c23,98,86
c40,20,20
other,1,6
other,60,30
other,64,125
c23,101,87
c6,55,38
other,73,55
other,11,65
c31,25,85
other,67,48
other,69,101
c17,30,63
c22,69,52
c4,93,74
other,3,117
other,25,58
c69,110,14
c62,45,51
other,4,23
other,9,93
other,124,102
c28,84,11
c27,124,10
c22,70,47
other,50,121
c7,2,117
c24,40,110
c15,10,62
c22,66,53
other,127,42
other,59,9
other,9,126
other,54,63
other,116,60
other,96,24
c40,17,21
c7,32,86
other,79,107
c14,18,28
c4,112,124
c35,54,55
c53,80,101
other,119,50
other,15,109
other,88,84
c75,75,18
other,105,24
c29,74,70
c60,68,61
c10,122,64
c19,86,127
c10,23,69
c67,68,5
other,57,92
c6,95,7
c24,41,108
other,97,18
other,21,97
other,75,44
c22,69,51
other,7,17
other,34,40
other,38,58
c40,111,54
other,58,45
other,119,60
other,106,48
c19,121,81
other,57,22
c9,33,93
other,31,28
c39,99,40
c6,72,30
c74,125,101
c23,39,114
other,58,7
c40,110,54
other,26,109
c71,1,68
c55,118,57
c19,82,111
c9,34,94
c40,109,57
c29,76,71
other,22,18
other,116,92
other,56,32
c66,55,53
other,126,38
c36,9,12
c25,101,118
c19,52,61
c12,25,56
c10,87,23
c19,41,86
c41,11,2
c40,18,22
c7,127,119
other,0,117
other,17,91
c10,21,19
other,95,105
other,5,63
other,46,8
other,76,5
other,3,108
c29,50,67
c6,89,41
c6,61,9
c10,20,17
other,22,49
other,25,55
c6,8,64
c21,12,103
c33,117,39
c23,101,86
other,103,74
c34,87,94
other,117,82
other,57,62
c24,38,107
c66,37,59
c33,29,71
other,93,78
c37,125,8
other,36,10
other,72,31
other,3,20
c23,97,86
c7,77,17
other,4,12
other,1,50
c22,71,52
c69,115,99
c74,122,101
c6,54,99
c47,73,8
c18,73,104
c22,68,47
other,107,59
c33,47,68
other,53,99
c7,31,88
other,73,56
other,33,13
other,8,57
other,120,34
c7,25,113
other,127,41
other,13,65
other,89,17
c62,48,47
other,55,108
other,16,45
c51,19,100
c63,72,86
c66,35,59
other,76,67
c75,91,10
other,127,44
other,51,49
c55,32,19
c55,34,21
other,3,69
other,127,22
c6,54,102
other,120,15
other,25,29
other,43,39
other,26,36
other,122,58
c24,40,111
c4,61,59
c74,56,71
c55,34,23
c4,67,47
c23,100,85
other,13,80
c35,105,14
c49,105,111
c0,112,14
c6,33,77
other,51,11
other,46,31
c19,76,61
other,108,3
other,65,111
c46,79,36
c41,31,116
c19,41,88
c19,121,80
c64,105,5
c33,80,83
other,69,31
other,24,43
other,89,119
other,75,57
other,34,88
other,10,93
c2,43,57
other,27,46
other,54,7
c2,35,67
c18,71,22
c67,67,6
c22,68,52
other,61,38
other,25,67
other,37,114
c71,0,66
c62,103,46
other,66,68
other,83,37
c51,114,29
c24,40,109
c22,70,33
c24,41,109
other,125,50
other,2,21
other,29,110
other,89,26
other,74,91
c19,52,60
c19,52,59
c63,73,84
other,52,25
c55,33,20
other,108,53
c3,43,126
c7,127,118
c38,105,115
c33,118,38
c22,67,51
c12,95,4
c56,34,125
c66,36,59
c6,33,78
c17,84,85
other,82,81
c27,101,122
c76,30,124
other,2,76
other,39,62
c6,97,101
other,46,54
c22,14,6
other,70,46
c22,13,6
c27,41,37
other,103,70
other,39,88
c9,35,93
c6,53,100
other,5,76
other,113,4
c4,113,114
other,20,30
c9,31,93
c24,38,106
c62,105,47
c59,53,104
other,121,47
other,27,99
c40,108,57
other,49,8
c9,101,89
c66,8,75
c22,71,47
c25,99,118
other,30,68
other,94,81
c35,54,54
c19,42,88
other,74,37
c39,123,82
other,40,85
c33,116,40
c6,35,76
other,92,105
c2,79,60
other,110,92
other,122,92
other,56,120
c19,83,109
c6,73,33
c6,75,31
other,125,100
other,58,8
c22,72,52
other,45,50
c33,81,83
c22,69,53
c24,41,110
c22,66,52
other,113,14
c9,33,95
other,6,118
other,99,14
c23,15,120
c19,41,87
c68,36,32
c33,82,85
c24,42,107
other,36,86
c24,37,107
c25,100,116
c22,42,11
other,61,54
other,33,104
c37,68,106
c63,7,18
c49,107,112
c27,80,45
other,58,20
c58,93,95
c48,40,120
c19,120,80
other,94,13
other,80,14
c38,104,118
c6,73,30
other,28,11
other,56,105
other,57,80
other,39,89
other,31,97
c27,100,120
other,45,78
c39,36,37
other,87,108
other,48,6
other,26,113
c24,41,112
other,53,123
c24,39,106
other,110,67
other,85,16
c17,86,86
c41,123,48
c62,49,47
c76,30,121
c22,40,13
other,17,109
c62,47,51
c7,24,110
other,97,2
c7,126,121
c48,3,95
c27,78,42
other,105,68
other,32,121
c7,127,120
c49,19,37
c7,125,120
c62,102,46
c24,39,110
other,5,89
other,39,39
other,102,104
c35,53,56
c49,19,39
other,7,29
c52,52,58
c6,119,26
c24,37,106
c6,117,32
c27,100,122
other,50,55
other,4,17
other,82,8
other,1,51
c18,27,37
c27,39,36
other,91,5
c33,117,41
c13,50,58
c62,102,47
c23,99,87
other,115,53
other,41,56
c40,111,57
other,37,79
c24,37,105
other,115,50
other,18,81
other,29,111
c56,34,124
c22,69,46
c71,1,69
c9,34,93
c63,71,86
other,38,64
other,33,92
c57,114,82
c19,122,81
c40,112,53
c23,97,87
other,95,115
c7,31,85
other,105,71
c46,1,53
other,30,30
other,102,35
other,2,27
other,63,13
c9,32,94
other,113,104
other,99,83
other,97,64
c8,15,90
other,13,8
c21,22,38
other,92,70
c49,104,113
other,125,30
c25,100,119
other,120,116
c19,74,59
c66,36,57
c22,68,53
c19,45,87
c27,124,104
c9,32,96
other,103,102
c24,37,108
other,62,25
other,25,92
c38,107,116
other,104,63
c19,40,86
c6,87,42
c53,47,84
c46,54,79
c47,44,21
other,50,96
c6,32,77
c27,78,44
c37,125,9
c74,122,98
c73,64,90
other,32,89
other,60,67
c0,15,59
other,55,118
c66,35,60
c22,66,51
c6,72,33
other,86,23
other,91,17
other,84,96
c71,0,65
c22,66,50
c37,124,6
other,65,49
c1,108,59
c7,32,88
other,1,58
c69,10,118
c22,67,53
other,59,124
c39,28,109
other,5,87
other,40,39
c29,74,71
c6,65,77
c8,2,107
c51,115,31
c9,32,92
c24,41,113
c62,50,46
c71,0,67
other,51,53
c0,18,60
other,122,91
c33,81,82
other,40,127
other,27,88
c17,84,87
c6,90,40
other,63,34
other,119,74
c44,104,95
c23,98,87
c19,41,85
c71,3,68
c7,78,16
c24,37,109
other,111,11
other,0,69
c19,81,110
c19,85,126
other,30,123
c19,41,89
c33,78,82
c27,123,10
c6,55,99
c22,67,54
other,84,4
c24,38,111
other,61,27
other,95,48
c33,82,86
other,83,62
c33,80,85
c7,127,121
c6,121,27
c24,39,112
other,53,114
c6,36,77
c66,35,58
c59,55,103
other,70,24
c19,44,88
other,103,66
c6,75,87
other,110,112
c6,72,29
other,74,96
other,70,64
c66,9,76
other,109,94
c19,43,86
c27,42,38
c6,52,101
c23,98,88
c6,33,76
c19,58,118
c77,115,115
c33,82,82
c50,9,42
c19,43,85
other,27,19
c40,112,54
other,110,117
c39,26,102
other,109,62
c6,56,38
c62,102,45
c19,87,1
c62,103,48
c71,3,67
c28,84,13
other,62,114
other,118,76
c22,68,46
c54,25,72
c27,81,44
other,92,99
other,57,72
other,88,126
c22,71,53
c23,14,121
c20,106,98
c24,41,106
c27,38,36
c75,26,7
c24,42,109
c24,42,108
c22,65,50
c48,40,121
c38,103,117
c19,122,80
c33,117,37
other,113,103
c7,81,122
c19,56,115
c7,118,126
other,91,69
c6,54,98
c40,20,22
c22,42,12
other,73,40
c19,40,89
c7,41,84
other,88,7
c24,42,111
other,109,65
c7,24,112
c24,40,112
c55,119,58
other,3,48
other,83,46
c33,81,81
c62,47,50
other,116,116
other,76,106
c62,48,48
c22,13,7
c23,100,88
c19,40,87
other,26,83
c33,79,81
other,59,39
c10,20,67
c62,101,47
c7,125,122
c10,88,23
c19,51,59
other,87,91
c35,68,67
other,27,53
other,69,34
other,8,67
c66,38,60
c60,68,60
c10,23,70
c36,90,112
c22,65,52
c35,29,17
c72,73,28
other,127,116
c17,85,87
c58,17,1
other,76,40
c6,119,25
c69,114,100
other,68,99
c9,31,94
c50,8,45
c24,36,104
c24,42,110
c35,89,86
c37,126,9
c19,82,110
other,99,61
other,0,78
c16,33,108
c33,117,38
other,75,92
c25,65,108
other,117,87
other,32,29
c56,67,22
c24,36,105
other,1,90
c6,36,76
c6,75,30
other,2,3
c9,31,91
other,62,54
c38,48,11
other,75,1
c6,9,63
c6,88,42
c53,47,85
c22,66,54
c71,3,66
c19,44,87
c40,23,68
c71,2,70
other,45,110
other,46,46
c19,42,85
other,71,14
c62,48,46
c24,36,107
c63,72,82
c24,36,109
c33,78,84
c40,109,56
other,0,24
other,23,36
c18,115,105
c24,39,113
other,118,80
c19,77,60
c63,74,83
c22,72,53
other,81,21
c67,67,3
c19,41,90
c24,43,107
c33,83,81
c62,101,44
other,90,26
c66,37,57
c40,19,19
other,83,6
c71,4,69
other,9,25
c66,9,77
c8,23,31
other,72,27
other,26,80
other,53,48
c27,98,118
c48,39,121
c19,40,90
other,98,23
other,126,99
other,2,126
other,93,107
c14,20,29
other,5,124
c6,120,28
other,122,30
c50,127,16
c23,13,119
other,97,5
c47,42,100
c27,123,106
c16,7,15
c23,38,115
c24,40,106
c9,35,95
c29,75,68
c66,40,58
c57,86,105
c58,92,96
c6,76,32
c40,19,23
c70,53,52
c6,118,27
other,62,19
other,109,67
c24,41,107
c50,8,42
c13,103,41
other,52,23
c33,68,7
other,124,38
other,13,43
c33,119,37
c33,79,85
other,91,44
other,40,59
c28,126,97
c38,47,10
c77,15,48
c17,83,85
c51,29,24
c19,43,84
c49,121,24
c62,101,48
c2,16,59
c62,47,49
c62,45,52
c24,43,111
other,86,58
other,37,15
c38,104,117
c27,122,10
other,29,51
other,96,119
c23,101,85
other,112,74
c51,94,11
other,73,89
c19,121,79
c22,65,51
c22,70,45
c27,40,35
c40,116,49
c33,118,42
c38,107,115
c6,75,32
c33,118,36
c7,25,114
other,126,49
c10,20,69
other,108,66
other,11,89
c6,34,79
c7,30,89
c63,73,81
c62,104,45
other,3,59
other,3,105
c7,77,18
c56,33,125
c9,35,94
other,27,43
c62,49,48
c24,42,112
c53,45,85
other,100,100
other,85,111
other,27,113
c79,72,72
other,22,59
other,114,50
c62,48,49
c19,86,3
other,113,71
c22,70,54
c22,64,49
other,109,68
c24,36,106
c62,47,46
other,4,98
other,16,50
c19,46,87
c7,126,117
c6,71,30
c7,125,121
other,85,124
c6,9,64
other,69,15
c9,31,95
c42,60,50
c6,57,37
c23,96,87
other,2,61
c22,65,54
c33,81,80
c19,44,85
c62,104,48
c24,42,114
other,84,79
c19,82,109
other,127,36
other,14,35
c22,68,54
c44,103,95
c62,48,50
c22,72,46
c4,66,46
c7,30,84
other,122,39
c55,32,23
c71,1,70
other,83,29
c7,3,116
c58,94,95
c7,124,122
c50,9,45
c18,4,46
c27,79,42
other,77,25
c7,79,121
other,75,88
other,52,106
c7,31,87
c17,83,86
c0,33,62
c23,88,26
other,37,62
c23,99,89
c27,122,9
c33,83,82
other,71,104
other,96,65
c17,86,88
c6,72,92
c33,82,87
other,117,114
other,68,107
c41,100,78
c7,126,122
c19,42,84
c49,122,25
c8,17,64
other,82,6
other,28,10
c22,72,54
c62,103,44
c27,122,104
c7,126,118
c50,9,44
c50,8,41
other,46,80
c27,125,11
c28,87,11
c46,83,101
c19,44,83
other,63,80
other,41,116
c6,74,29
other,60,24
c1,50,24
c29,7,77
c22,70,32
other,107,87
c27,77,43
c37,95,15
c7,0,120
c20,105,98
c57,53,124
c39,27,108
c24,35,110
other,98,121
other,125,67
c9,30,91
other,71,38
c23,39,116
c19,45,86
other,98,2
c50,6,45
other,37,69
c24,101,67
c5,68,23
other,115,121
c6,74,92
c73,43,53
other,105,42
c16,108,92
other,76,57
c38,105,117
c23,96,86
c63,73,82
c38,108,114
c6,97,7
other,52,45
other,32,15
c59,52,103
c62,50,49
c62,105,49
c24,43,23
c62,49,50
c1,55,24
other,23,125
c18,25,106
c27,98,120
c44,105,94
c9,32,95
c5,45,53
c15,11,63
c22,69,54
c33,119,40
c19,47,88
other,94,93
other,63,47
other,116,80
c23,16,119
c24,43,108
other,123,114
c26,15,95
c40,17,22
other,115,48
other,18,108
c7,127,122
other,121,1
c24,44,112
other,127,48
other,69,33
c7,24,111
other,42,49
other,61,109
c62,48,51
c6,37,76
c74,123,98
other,93,17
c58,92,95
c19,82,112
other,86,48
other,24,122
c6,77,33
c6,71,29
c62,49,49
c6,118,25
c40,20,18
c49,106,112
c77,91,13
c22,12,6
other,4,88
c1,45,68
other,42,48
c69,11,120
c4,59,62
c62,105,48
c14,17,28
c68,14,62
c14,21,28
c6,56,100
c9,36,94
other,126,100
c22,73,51
c7,30,87
c71,1,71
c24,35,105
c24,35,106
other,119,80
other,40,119
c62,50,47
other,48,94
c19,84,109
other,48,92
c7,124,119
c71,4,68
other,48,109
c48,30,38
c62,105,44
c24,37,110
c58,94,97
other,2,78
other,33,63
c19,120,82
other,35,33
other,66,29
other,18,98
c10,24,34
c63,70,82
other,30,85
c16,9,14
c7,123,123
c58,94,94
c17,87,88
c24,40,105
c10,89,21
other,89,27
c6,75,29
other,18,64
other,126,11
c24,38,113
c50,10,42
c33,78,85
c7,125,117
c47,123,45
c24,41,105
c43,25,41
c24,42,113
c33,119,36
other,82,104
other,30,41
c9,34,95
other,100,24
c67,34,91
c49,63,35
c62,50,45
c40,111,53
c51,92,52
c74,121,97
c50,5,44
other,7,87
c22,63,49
other,100,25
c46,68,29
c19,44,84
other,103,96
c38,108,116
other,15,81
c27,99,121
other,68,27
other,1,121
other,75,91
c19,85,15
c9,31,96
c33,77,83
other,104,71
c33,78,81
c19,46,86
c18,25,36
other,5,88
other,13,78
c24,37,111
c19,48,89
other,70,35
other,38,70
c23,38,116
c11,41,40
other,4,59
c33,84,80
other,46,88
other,70,66
c62,48,52
other,28,21
c9,36,95
c22,72,55
other,63,97
other,46,44
c37,126,8
other,74,1
other,116,98
c23,97,88
c74,121,40
c7,125,123
other,18,31
other,19,79
c22,67,55
c28,47,58
c1,44,69
c22,16,7
c19,53,60
other,23,86
c74,126,101
c19,86,0
c37,80,49
c38,106,114
c7,2,115
other,112,58
c9,36,92
c73,64,88
c18,23,28
c7,127,117
other,107,108
other,51,103
c9,31,90
c62,48,45
c58,94,96
c19,43,83
other,88,77
c22,64,52
c58,92,94
c62,100,47
other,97,121
c27,123,11
other,4,16
c6,70,29
other,53,33
c38,103,116
other,26,37
c9,30,95
c41,121,103
other,103,81
c9,32,90
c23,98,89
other,45,115
c75,76,18
c19,47,86
c33,80,81
c22,64,51
c22,73,45
other,108,68
c24,41,114
c7,125,118
c7,77,15
c19,81,109
other,86,59
c19,43,88
c33,119,39
c33,119,35
other,6,21
c58,95,96
c6,33,79
other,79,46
other,108,65
c7,126,116
c62,51,48
c40,112,57
c24,42,106
c23,96,85
c40,110,58
other,15,104
c19,61,118
c68,37,32
other,22,42
c58,91,97
c24,43,112
other,49,44
c45,44,95
c57,54,125
c6,117,27
c6,56,99
other,102,27
c23,13,122
other,94,16
c66,36,60
c33,77,86
c41,122,49
c7,126,123
other,114,44
c19,53,62
c11,48,78
c6,76,31
c6,58,38
c7,124,120
c22,71,56
other,23,115
other,5,20
c22,69,44
c62,51,44
other,99,81
c0,13,102
other,113,28
other,0,36
c14,22,89
c37,124,5
c22,65,55
c38,109,115
c38,106,118
c6,54,100
other,115,49
c62,103,43
other,66,99
c33,81,86
c6,117,28
c66,7,75
c27,76,43
c6,56,98
c49,105,110
other,26,94
c58,95,95
c63,7,14
c6,56,101
other,87,119
other,127,81
c22,64,53
c6,56,39
c74,122,40
other,76,53
other,16,124
c62,100,46
c61,27,28
c22,62,48
other,53,47
other,32,32
c2,82,2
other,33,34
c27,122,11
c6,61,10
c44,104,94
c22,71,54
other,25,12
c44,102,94
other,85,75
c30,115,1
c38,48,12
other,35,80
c33,78,83
c33,77,84
other,60,4
c62,103,49
c75,76,17
c48,39,120
c9,37,93
c36,125,79
c21,23,91
c25,37,95
c24,43,113
other,109,31
c48,41,122
c17,87,86
c6,70,31
other,109,79
c6,94,8
c19,48,86
other,22,117
c22,64,50
c23,95,87
c4,61,62
c20,106,97
c23,101,88
other,118,106
other,106,67
c38,102,116
c30,21,94
c62,51,45
other,120,59
c19,43,89
c19,45,88
c58,91,93
c2,119,92
c6,121,25
c6,34,75
other,113,80
c40,92,41
other,64,81
c43,26,40
other,29,93
other,50,28
other,37,86
c49,19,40
other,107,12
c2,96,5
other,123,59
c6,55,97
c33,120,38
c62,100,49
c63,69,83
c9,29,91
c38,109,114
c62,104,49
c22,67,46
c19,44,82
other,35,122
c12,119,103
c10,22,70
c49,123,25
c60,1,92
c19,45,84
c6,63,8
c40,108,56
c66,57,56
other,114,13
c37,124,8
c7,26,110
c40,109,53
c19,80,108
c38,105,116
c24,37,103
c27,123,9
c22,15,7
c6,9,65
other,2,2
c78,124,65
other,110,65
c9,107,79
other,12,45
c35,17,105
c71,0,64
other,111,66
other,34,24
c7,0,116
c7,123,118
c38,108,117
other,50,108
c59,54,104
c7,0,122
c19,119,83
c10,22,71
c19,53,61
c24,44,110
other,5,126
c6,56,37
c8,86,78
c49,122,27
c58,96,96
c33,81,79
c3,95,104
other,41,21
c27,122,8
other,54,53
other,29,102
other,25,0
c23,40,115
other,108,67
c63,74,81
c68,101,43
other,17,76
other,76,124
other,29,48
c19,83,108
c7,78,121
c7,126,115
c19,46,85
other,49,79
c22,70,57
c62,51,50
c19,47,90
c63,7,13
c63,5,18
c19,39,86
c6,69,29
c58,91,95
c6,53,98
c19,118,81
c10,21,17
c41,121,104
c27,124,12
c38,46,12
other,6,22
c6,57,40
c6,96,6
c22,72,47
c70,104,61
other,84,0
c33,115,40
c6,32,79
c69,98,27
c19,42,83
other,119,38
c17,85,88
c6,56,97
c7,124,124
c0,121,74
c33,117,36
other,92,44
other,103,77
c46,78,36
c27,37,37
c22,66,55
c33,77,82
c4,62,61
other,98,14
c17,86,87
c76,29,121
c6,33,80
c32,94,87
c50,127,8
c19,118,82
c22,64,55
c22,63,52
c19,42,90
c10,24,69
other,15,87
c49,121,50
c50,10,43
c33,120,36
c59,56,103
other,61,61
c69,115,98
c19,47,87
c24,45,113
c17,33,28
other,81,95
other,34,90
other,98,50
c62,51,47
other,35,123
c33,79,80
c4,58,61
other,84,93
c58,95,94
other,23,64
c38,109,117
c15,121,15
c75,114,64
c6,32,76
c0,126,98
c10,32,26
c58,90,96
c62,105,50
c62,44,51
c2,76,62
c63,74,82
c22,73,52
c22,63,54
c63,74,80
c38,104,119
c28,86,11
other,83,13
c63,74,84
c22,12,7
c50,5,43
c22,64,56
c7,3,118
c63,6,18
c7,78,120
c33,84,83
c62,106,43
c6,34,74
c28,86,10
other,47,106
c25,35,96
other,65,22
c22,15,8
other,52,117
c22,61,48
other,64,107
c17,84,84
c19,48,88
c33,83,79
other,80,5
c38,108,115
c22,11,6
c6,69,28
c28,29,50
c10,24,71
c62,47,44
c37,127,9
c14,54,123
c22,70,55
c27,39,35
c51,115,29
c44,101,94
c70,103,60
c62,46,53
other,26,119
c19,39,90
c62,101,49
c40,110,57
c57,87,106
other,0,100
c57,53,125
c58,93,94
other,80,21
other,80,44
c19,80,110
c43,25,40
c1,106,57
other,37,100
c23,96,88
c4,95,76
c27,125,10
other,38,119
c22,64,54
c6,117,24
other,38,15
c48,1,105
c24,43,115
c70,53,51
c38,104,115
c35,50,53
c10,86,21
other,80,72
c49,119,49
c6,57,36
other,47,67
c9,34,96
c28,88,11
c39,35,40
other,56,122
c10,23,71
other,72,37
c10,19,68
c33,117,35
c7,127,123
other,24,113
c6,57,38
c19,45,89
other,53,23
c19,38,85
c6,68,28
c6,57,101
c56,33,124
other,29,75
c33,120,37
c44,102,93
c19,45,83
c19,43,90
c22,74,52
c22,16,6
other,57,53
c7,1,115
c7,122,117
c58,90,94
other,74,115
c22,12,8
other,0,77
c40,112,52
c24,45,112
c70,105,62
c9,31,89
c22,73,44
other,56,108
other,105,96
other,3,61
c22,73,46
other,50,119
c43,26,41
c58,92,98
c6,75,33
c56,67,23
c33,85,83
c55,118,59
other,89,124
c6,119,29
c49,108,112
c9,30,90
c19,41,83
c58,90,93
c50,11,43
other,98,65
other,78,49
c7,1,116
c6,96,100
c0,15,61
c22,62,47
c27,97,118
c44,102,96
c50,2,16
other,59,84
c6,95,9
c62,52,49
c7,124,116
other,104,31
c7,78,17
other,12,11
other,85,110
other,4,113
c42,21,98
other,56,68
c33,84,82
c19,48,87
other,45,1
other,0,111
c3,96,104
other,125,49
c40,114,53
c63,72,80
c22,63,48
c62,100,50
c44,105,93
c19,46,91
c20,107,96
c24,44,113
other,17,41
c38,106,115
c7,32,85
c22,69,57
other,36,49
other,66,45
c6,56,41
other,57,23
other,98,33
c33,120,35
other,118,109
c19,43,82
c10,23,72
c23,97,89
c23,15,119
other,106,110
c37,126,10
c58,93,97
c58,93,93
c48,40,123
c63,75,81
c7,125,116
c58,89,97
c33,116,35
c23,102,89
c19,48,85
c6,96,7
c1,44,66
c70,52,52
c20,104,97
c6,9,66
c6,70,28
c74,124,98
c22,73,48
c27,101,121
c33,118,35
c7,123,120
c38,47,9
other,64,100
c22,62,53
c57,114,40
other,91,1
c24,44,114
c22,66,47
other,7,19
c28,84,12
other,11,117
c46,65,28
c6,76,33
c6,121,28
c23,102,86
c22,70,56
c6,58,36
c74,121,39
c58,91,94
c33,76,85
c33,84,81
c62,51,46
c7,33,71
c44,88,68
other,69,84
other,2,54
c22,74,45
other,118,4
c68,35,70
c59,66,87
c6,98,7
c56,33,126
c66,9,75
c27,123,13
c2,36,66
c27,121,105
c62,102,49
c7,124,117
c6,51,102
c44,106,95
c62,105,45
c7,127,115
c63,6,19
c27,122,12
c40,113,51
c6,55,96
c70,106,61
c22,67,31
other,74,24
c6,38,77
other,29,84
other,114,25
c62,102,50
c70,105,60
c11,115,32
c7,79,15
c62,52,48
c58,90,98
c19,49,86
other,77,20
c24,45,111
c70,104,60
c22,66,56
c58,90,95
c43,24,41
c33,82,78
c9,38,93
c57,64,117
other,63,29
other,21,52
c19,82,113
c61,27,29
c28,6,77
c62,44,53
c55,32,20
c9,30,88
c6,37,77
c6,52,99
c33,76,87
c42,22,97
c7,0,123
other,15,94
c33,83,80
c19,49,87
c24,34,105
c33,86,82
c2,80,87
c38,109,116
c72,75,27
c41,54,41
c6,95,6
c47,39,24
c62,52,46
c9,32,97
c22,61,49
c41,17,71
c5,19,59
c27,123,12
c32,93,87
c44,101,92
other,115,103
other,60,20
c43,25,39
c22,68,55
other,57,0
c19,53,63
c6,77,31
c6,59,37
other,27,41
c22,63,55
c6,20,49
c6,69,30
other,30,122
other,17,115
c22,63,56
c6,95,8
c7,123,117
c7,123,119
c1,108,60
c33,118,34
c6,8,62
other,21,126
c7,0,115
c70,102,61
c24,44,111
c58,89,94
other,55,42
c6,98,8
c63,71,79
other,34,85
c46,67,29
c63,73,80
c61,27,27
c22,71,57
c27,80,42
c77,90,16
c22,69,56
c62,104,44
c6,59,36
c33,120,39
c7,121,127
c22,62,50
c35,105,15
other,92,93
c58,94,92
c18,43,37
c38,103,115
c9,33,90
c31,94,2
c7,126,124
c62,52,50
c62,106,50
c40,114,56
other,124,37
c22,70,34
other,88,5
c7,0,114
c6,38,76
c21,67,57
c61,27,30
c24,35,108
c27,121,8
c32,92,87
other,70,123
c77,16,49
other,115,116
c16,9,15
c19,46,89
c50,7,43
c6,117,26
other,127,25
other,94,18
other,108,69
other,29,42
c44,105,97
c38,107,114
c33,76,86
c58,90,97
other,29,30
c62,103,42
c15,10,61
c6,58,37
c44,102,95
c33,85,80
other,114,108
c62,50,51
other,106,125
c7,106,79
c28,83,14
other,80,7
c9,38,92
other,59,53
c27,126,12
other,108,52
other,124,67
c21,12,102
c19,42,82
c19,86,15
c22,60,49
other,44,77
c22,69,55
other,39,12
other,63,90
c6,57,99
c27,123,105
other,8,1
c40,111,52
c3,95,103
other,105,80
c38,48,13
c63,72,81
c42,22,98
c7,51,89
c7,122,118
c24,44,115
c4,60,63
other,85,19
c53,47,83
c22,16,4
c6,10,64
c63,73,87
c0,106,8
c19,48,84
c22,61,52
other,108,119
c38,104,120
c22,66,57
other,26,44
c61,26,30
c40,114,52
other,127,67
c19,81,112
c50,10,44
c44,104,93
c37,94,14
other,17,29
c22,65,57
c6,35,74
c62,44,54
c33,75,86
c9,33,96
other,100,32
c24,45,114
other,9,72
c38,110,115
c39,27,102
c24,44,109
c22,70,58
c58,88,96
c6,94,7
c62,106,44
c57,54,126
c62,52,43
c24,45,109
c54,26,73
c19,43,81
other,93,7
other,99,56
c6,71,32
other,50,104
other,24,18
c46,78,35
c7,29,90
c22,60,48
c41,35,21
c22,73,50
c24,35,107
other,84,32
c9,35,97
c22,74,46
other,102,60
other,3,89
c1,46,68
c58,88,94
c27,123,8
other,110,68
other,96,12
c47,18,6
c6,10,66
c62,108,43
c70,103,59
c48,40,122
other,122,50
c6,31,78
other,0,79
c7,78,15
c54,27,72
c6,60,36
c38,105,114
other,122,108
c19,84,108
c6,33,74
other,62,15
c7,123,116
c24,46,111
c7,126,114
c49,108,111
c22,65,48
c24,42,115
other,127,99
c6,67,27
c32,94,86
other,65,47
other,91,101
c42,20,98
c27,122,7
c57,86,107
c33,76,83
c24,34,104
c33,116,34
c33,121,36
other,6,88
c22,70,44
c58,91,98
c70,105,59
c6,32,75
c62,47,53
c44,100,92
c6,118,28
c58,92,92
c33,77,85
other,57,10
c27,126,13
c19,85,14
other,46,33
c42,23,98
c33,85,82
c62,99,51
other,46,40
other,6,4
c35,94,48
c33,115,35
c9,37,92
other,7,35
c62,99,47
c58,91,92
other,117,43
c42,60,51
c19,45,81
c40,107,56
c33,80,78
c44,105,92
c22,69,58
c22,72,58
other,12,75
c22,74,44
c46,38,94
c6,94,9
c27,121,12
c50,11,44
c22,68,43
c33,76,88
c19,49,89
c33,83,78
other,71,44
c62,101,50
c70,106,60
c70,105,61
c19,86,14
c22,60,47
c62,49,53
c19,39,91
other,122,38
c22,62,55
c33,75,85
c38,103,114
c44,84,43
c38,110,116
c48,42,122
other,94,60
c19,74,58
other,25,1
c6,77,34
c62,102,43
c60,69,61
c10,24,70
c38,104,114
other,119,89
c22,61,46
c56,33,123
c6,70,27
c6,37,75
c19,48,91
c40,115,55
c22,62,51
c7,32,84
c33,115,39
other,70,81
c19,117,81
c1,109,59
c58,95,92
c7,127,114
c57,52,125
c6,33,73
other,112,121
c42,22,99
c7,1,114
c24,35,104
c62,43,51
other,113,74
other,103,71
c62,107,42
c22,65,58
c44,103,93
c72,20,34
c44,104,98
c19,83,112
other,53,15
c33,121,37
other,77,5
c50,6,42
c6,74,34
c7,123,121
other,72,15
other,62,23
c19,56,116
other,102,25
c43,27,40
c58,89,99
c19,39,85
c19,83,113
c19,50,59
c35,30,16
c6,55,36
other,41,115
c49,122,24
c7,121,116
c66,34,59
c72,76,27
c24,42,105
c6,116,25
other,27,77
c7,127,124
c1,44,68
c38,110,118
c19,41,82
other,53,50
c7,123,115
other,40,99
c22,60,53
c58,88,98
c38,103,119
other,80,33
other,107,45
other,54,117
c33,78,87
c40,114,51
c7,123,125
other,79,45
other,3,52
c61,28,30
c37,81,51
c17,87,84
c22,75,43
c44,101,95
c6,124,39
c62,53,49
c57,111,62
c6,58,39
c42,23,97
c22,68,58
other,77,113
other,15,123
other,117,49
c14,20,28
c22,62,56
c62,101,42
c2,65,93
c28,86,12
c6,67,28
c7,1,113
other,110,4
c27,38,35
c9,39,93
c33,81,87
c22,71,59
other,14,30
c6,69,26
c7,124,123
other,78,14
other,53,107
c55,120,57
c22,69,59
c10,25,70
c10,25,68
c33,75,82
other,98,99
c25,99,117
c19,85,109
c43,24,40
c4,12,121
other,66,43
c7,23,113
c27,121,9
c19,120,79
other,47,100
other,77,49
c22,17,6
c58,90,99
c10,19,69
c62,106,51
c22,16,8
c43,23,40
c22,59,48
other,49,16
c62,100,51
c39,26,101
c20,63,95
other,82,22
c6,120,24
c19,45,90
c24,103,65
other,52,57
c62,43,52
c3,94,102
c39,26,103
other,82,0
c33,121,34
c19,40,91
c23,98,90
other,35,89
other,110,61
other,77,88
c66,10,76
c23,95,88
other,85,123
c33,114,39
c2,103,106
c58,96,95
c32,91,88
c70,105,63
c38,110,119
c22,13,5
other,9,104
c42,21,99
c24,44,106
c62,47,54
c6,35,75
other,119,100
c44,103,92
c32,94,88
other,37,8
c6,76,29
c44,106,96
other,31,21
other,36,87
c19,49,85
other,103,13
c40,110,52
c33,81,77
c42,21,96
c9,33,97
c0,14,59
c19,53,59
other,9,10
c58,89,95
c50,4,43
c7,77,19
c78,125,65
c6,98,9
c33,122,37
c22,59,54
c6,59,38
c38,110,114
c11,27,116
c33,115,34
c63,72,79
c57,52,122
c17,84,88
c42,24,97
c44,106,93
c19,46,92
other,111,4
other,5,25
c27,121,10
c7,122,121
c19,85,1
c29,121,51
c44,100,94
c33,79,79
c19,49,83
c33,74,87
other,91,70
other,111,67
other,19,65
other,3,16
other,96,63
c22,68,59
c57,85,104
c17,86,89
c9,29,96
other,94,65
other,31,123
other,107,68
other,106,19
c10,20,71
c62,99,45
c70,103,62
other,96,93
c33,79,88
other,16,22
other,95,5
other,27,89
c40,109,52
other,106,92
c44,104,92
c22,70,59
c54,25,74
c55,117,57
c6,55,35
c19,44,81
c58,91,91
c71,4,66
c55,32,18
c41,120,105
c46,66,30
c6,73,35
other,71,16
other,70,40
c22,50,22
c6,116,27
c6,76,34
c15,9,60
c33,87,81
other,75,66
other,115,38
other,118,100
c19,46,83
c62,99,50
c33,85,79
c43,26,38
c22,60,46
c43,23,39
c22,64,57
c70,101,60
c66,7,76
c22,59,52
other,75,54
c7,1,124
c19,46,81
c7,2,113
c62,99,52
c6,58,35
c50,9,43
c62,108,44
c58,89,93
c7,122,115
c26,14,94
other,45,75
c19,50,89
c7,125,114
c6,8,61
c22,60,45
c22,59,47
c19,80,109
c24,103,67
c42,24,96
other,28,71
c7,125,124
c58,96,92
other,124,112
c42,20,96
c22,59,50
c22,67,58
c27,124,7
c62,101,41
other,15,96
other,38,48
other,96,59
c6,61,36
c76,16,66
c66,35,61
other,79,56
c37,123,7
other,7,52
c33,82,77
c19,82,114
other,75,46
c32,93,86
other,5,41
other,96,84
other,109,71
c28,85,11
c22,69,60
c62,54,50
c38,111,116
other,103,79
other,110,59
c6,57,97
other,89,123
c7,2,114
c43,27,39
other,85,37
c22,70,43
other,89,38
c33,121,35
c19,39,92
c19,47,82
other,124,47
c19,51,61
c58,87,95
c69,117,99
c40,115,51
c23,95,89
c6,56,35
other,16,125
other,15,57
c22,67,60
c53,21,41
c6,74,36
c43,27,38
c6,73,34
c33,80,76
c62,107,43
c33,119,43
c23,40,116
c2,35,4
c22,16,9
c63,6,14
c38,109,113
c42,25,96
other,24,119
other,116,58
c33,115,33
c62,54,51
c7,124,114
c59,55,104
other,41,63
c7,127,125
c33,114,36
other,20,56
other,51,51
other,118,20
other,77,53
c19,79,109
c35,96,48
c3,95,106
c7,124,113
c27,124,105
c55,35,20
c6,121,23
other,109,69
c58,90,92
c22,58,47
c14,20,27
c39,25,109
c6,30,79
c74,124,97
other,57,6
c33,78,79
c33,123,37
c22,70,60
c10,22,72
other,74,53
c27,121,13
other,30,33
other,75,95
c77,113,113
other,1,122
other,16,102
other,120,63
other,87,60
c29,76,70
c7,122,122
c19,53,58
c6,75,34
c6,116,24
c40,18,19
c50,6,43
c7,2,116
c61,28,31
c69,115,97
c37,122,6
other,105,69
c19,42,81
c6,98,6
c6,57,98
other,91,4
other,114,37
other,38,79
c6,31,75
c62,48,54
c33,81,75
c44,100,93
other,15,93
other,99,42
c10,21,71
c22,61,45
c46,55,64
other,55,46
c19,58,115
c44,104,91
c6,35,73
c37,127,7
c58,96,91
c20,106,100
c55,121,56
c64,88,59
other,89,125
c55,65,101
c62,48,53
c7,122,120
other,34,32
c33,122,36
c19,50,60
other,38,91
c9,36,91
other,75,14
c3,97,103
c49,106,109
other,0,61
other,127,23
c33,115,36
other,67,75
c7,23,109
c7,122,116
c66,19,119
c27,120,11
c33,76,81
c6,115,27
other,90,69
other,81,61
c6,77,32
c32,94,85
c22,69,43
other,100,45
c63,71,87
c33,80,77
c44,100,95
other,42,96
c31,125,51
c62,55,50
c27,122,14
c6,57,35
c1,109,60
c40,116,52
c22,63,46
c45,77,125
other,79,28
other,114,70
c72,50,40
other,73,59
c9,36,98
c22,58,55
c6,60,39
other,4,0
c38,111,119
c7,80,15
other,94,26
other,62,97
c62,99,46
c19,46,82
c7,2,123
c40,107,55
c50,10,41
c40,108,55
c7,0,113
c44,106,94
c32,92,86
c22,71,61
c4,58,60
other,58,21
c7,33,84
c19,43,80
c30,68,88
c48,39,122
c19,47,80
c7,2,112
c7,127,113
c24,35,111
other,18,30
other,56,13
c25,101,119
other,96,66
c22,63,57
c49,104,110
c50,6,44
c23,96,90
c22,57,46
c4,65,46
c33,122,33
c62,107,44
c33,114,34
c33,79,86
c33,73,86
other,33,115
other,115,80
c6,78,30
c43,26,39
c6,117,23
c22,58,48
other,95,101
other,25,105
c7,79,16
c6,115,26
c6,114,27
c33,83,77
other,106,59
other,89,88
other,64,119
other,114,115
c38,112,116
other,22,64
c43,23,43
other,122,51
other,106,12
c22,74,43
c44,99,92
c56,69,21
c17,87,87
other,8,60
c27,125,6
c22,67,59
other,84,120
other,106,81
other,84,34
c7,1,123
other,42,116
c12,120,104
c50,5,45
c22,12,4
c65,25,73
c62,100,44
other,6,114
c10,26,69
c38,111,115
other,78,65
c70,52,51
c22,58,52
c14,21,27
c22,59,51
c6,61,37
other,113,108
c33,82,76
c73,42,52
c33,78,78
c19,44,80
c27,38,34
other,58,49
c49,123,23
c61,27,31
c33,114,38
other,0,50
c6,77,35
c38,109,119
c33,86,79
c19,48,83
c62,98,49
other,68,89
c23,37,116
c63,74,79
c24,34,107
c22,70,61
other,112,66
c33,86,81
other,121,0
c33,87,80
c24,102,65
c7,121,117
c22,62,46
c61,25,30
c7,1,112
c22,68,44
other,52,26
c7,29,89
c27,122,13
c6,39,77
c19,39,87
c27,120,10
c22,59,55
c10,24,67
other,122,102
other,124,36
c6,36,74
c58,86,95
c6,56,36
other,17,47
c7,79,14
c62,55,51
c22,60,54
c19,44,79
c19,80,113
c7,3,113
c55,121,58
c7,80,16
other,76,3
c49,122,28
other,92,48
c6,59,35
other,96,60
other,69,17
c33,79,78
c62,99,48
other,2,60
c6,59,40
other,24,3
c6,93,6
c33,122,35
other,64,97
c7,126,125
c62,51,52
other,125,68
c22,64,46
c27,120,13
c7,1,111
c9,29,94
c6,77,30
c33,83,76
c22,69,42
c4,112,113
c46,66,22
c56,34,127
c27,127,12
c49,105,109
other,108,64
c38,111,113
c33,87,82
other,66,75
c62,42,53
c22,72,43
c19,49,82
c22,71,62
c19,45,91
other,25,108
c32,94,89
other,68,98
other,68,9
other,51,98
c51,97,70
other,120,106
other,107,110
c58,97,93
c38,110,120
c1,107,61
c6,32,73
c38,111,120
other,33,87
c22,58,46
c2,34,25
other,63,21
c27,122,15
c62,102,51
c43,22,40
c33,122,34
c50,5,42
other,60,34
c6,99,7
other,95,66
c24,46,113
other,72,77
other,7,89
other,0,29
c33,114,35
c66,34,60
c38,113,117
c27,121,14
c42,23,96
c22,61,57
c19,78,108
c7,126,112
c22,41,10
c7,121,115
c76,28,123
other,75,108
c79,73,72
c7,29,86
c6,116,28
c65,77,90
c50,4,42
c33,78,80
c19,45,92
c54,101,17
c9,28,95
c7,4,114
c61,26,26
c41,32,116
c33,81,76
other,16,106
c7,78,13
c47,112,118
c49,123,24
c42,19,99
c33,72,87
c22,58,50
c41,121,48
c10,21,72
c38,102,113
c62,106,41
c19,50,81
c6,87,40
c33,123,36
c6,57,34
c59,55,105
c22,17,9
c38,109,120
c6,73,92
other,107,119
c32,94,84
c33,79,77
c62,44,55
c20,103,97
c1,50,23
c19,49,91
c22,75,42
c6,62,36
c4,57,60
c35,93,49
c19,42,80
other,123,109
c38,112,115
c3,28,64
other,93,116
c58,90,91
other,39,104
other,123,38
c10,18,69
other,27,124
other,11,22
c7,121,114
other,87,17
c22,66,61
c7,2,111
other,13,111
c22,71,43
c4,59,60
c23,40,117
other,37,17
other,88,78
c42,20,95
c38,110,113
c38,112,120
c4,63,60
c38,114,117
c63,5,19
c50,3,44
other,125,102
c19,49,59
c27,121,11
c7,121,118
c12,120,103
c50,64,91
c6,114,26
other,125,39
c22,61,44
c44,87,67
other,53,89
c38,111,114
c7,81,16
other,116,79
c44,101,91
other,29,100
c22,72,62
other,67,80
c6,34,73
other,36,123
c25,99,116
other,16,74
other,13,61
c49,123,27
c27,120,14
c7,3,112
c63,71,80
c19,48,82
c6,58,40
c6,63,36
c44,107,93
c39,100,43
c33,82,75
c4,113,115
c31,25,86
c38,108,120
c44,103,91
c33,84,77
c20,61,96
other,2,120
c33,86,83
c33,77,79
c50,11,41
c7,0,125
c22,14,9
other,27,90
c6,30,78
c62,103,50
c6,62,37
other,90,124
c67,40,6
c61,26,31
c40,111,59
c64,35,83
c6,10,65
c63,73,79
c33,87,83
c19,50,82
other,36,85
c27,123,15
c57,88,105
other,46,21
c6,120,23
c38,102,114
c6,116,29
c6,94,10
other,100,66
c17,87,89
other,92,51
c6,37,74
other,14,93
other,127,90
other,50,105
c20,107,99
c24,45,108
c56,32,122
c54,27,74
c19,49,92
c22,73,63
c50,6,41
c7,123,122
other,72,17
c58,96,94
other,115,92
c9,39,94
c19,48,79
other,120,61
c50,4,45
c62,56,49
other,90,45
c65,24,72
c62,55,49
c10,19,67
other,78,56
other,24,26
c58,90,90
c49,104,108
c5,63,10
other,28,72
other,100,80
c22,66,58
c19,44,91
c33,76,80
c33,80,75
c19,45,93
c27,126,5
c50,11,42
c42,18,99
c6,55,34
c33,113,35
c22,72,63
c19,84,113
c58,86,94
other,15,36
c23,96,89
c9,34,97
c62,43,56
other,22,108
other,103,88
other,17,84
c22,74,63
c58,89,91
c49,121,29
c19,54,62
other,25,116
c10,19,72
c22,60,55
c6,59,34
c6,116,23
c62,42,51
c7,120,114
c42,19,94
c7,2,110
other,3,0
c44,108,94
c44,104,90
c49,124,26
c62,103,51
c19,51,81
c67,118,83
c6,115,28
other,81,42
other,83,9
other,84,60
c32,93,89
c6,31,76
c55,119,56
c9,31,98
c35,94,49
c66,34,61
other,30,34
other,102,82
c58,97,92
other,54,97
c65,24,73
c38,102,115
c43,28,39
c22,70,63
other,49,105
other,46,105
c33,76,79
other,80,60
other,6,69
other,104,100
c54,25,75
c22,73,62
c10,27,68
other,37,22
c78,126,65
c49,104,109
other,79,47
c7,3,114
c42,24,95
other,38,122
c74,123,97
other,9,74
c22,73,61
other,4,118
c6,60,40
c42,21,100
c22,63,45
c22,70,42
c7,125,125
c6,93,10
c33,113,36
c10,23,66
c39,27,101
c33,88,81
c6,115,23
c7,77,14
c43,25,38
c19,79,108
other,114,87
c22,15,9
c38,113,119
c50,3,42
c19,50,91
c6,113,27
c6,30,75
c6,34,80
other,114,15
c39,25,104
c19,49,81
other,41,59
c6,10,67
other,19,17
c22,13,9
c7,121,121
c27,123,14
other,98,48
c7,3,111
c35,95,47
c6,115,24
c38,102,117
c9,37,91
c45,88,88
c42,17,99
other,25,61
other,20,6
c58,91,90
other,126,67
c77,115,113
c27,120,8
c9,35,90
other,78,106
c32,95,83
c62,56,48
c51,77,123
c10,26,67
c41,12,0
other,45,11
other,70,80
c6,78,31
c27,119,15
c40,112,51
other,66,116
other,50,84
other,118,23
c17,88,86
c6,38,75
c7,126,126
c6,7,65
c54,28,73
c2,79,87
other,76,50
c19,123,79
c44,99,93
other,86,109
other,78,71
c10,20,73
other,71,26
c22,64,44
c33,79,76
c22,71,63
c49,103,109
c2,67,109
other,110,107
c22,17,10
other,122,107
c0,16,62
other,91,71
c22,72,61
c44,100,91
c7,78,12
other,36,80
c42,16,98
c33,123,34
other,19,31
c22,74,64
c6,112,27
other,85,41
other,91,67
c12,119,105
c22,74,61
other,7,127
c18,98,38
c7,125,113
c73,65,91
c24,46,112
c19,51,82
other,69,106
c19,51,83
other,44,94
other,62,57
c62,109,44
c7,76,15
c6,74,93
c23,100,89
c49,103,108
c32,90,87
c22,15,10
c35,30,18
other,117,106
c24,44,107
c42,17,100
other,61,39
c33,78,77
c19,57,117
c79,74,74
c19,50,80
other,23,4
c22,74,62
c6,116,22
other,36,34
c33,89,80
other,27,96
c19,54,61
c27,119,14
other,2,58
other,0,21
c33,84,75
c22,66,59
c2,3,101
c19,51,80
c44,98,92
c33,121,33
c5,116,76
c10,31,26
c47,42,102
c44,103,98
other,74,76
c19,84,107
c45,38,123
c35,92,50
other,108,121
c33,81,74
c38,114,120
c22,73,64
c30,111,60
c19,40,92
c7,120,115
c33,74,88
c74,125,97
c42,21,95
c55,30,20
c19,52,81
other,22,65
other,58,107
other,126,4
c6,78,32
c33,77,80
c10,27,69
c27,118,15
c7,3,110
c6,53,97
c22,73,65
c6,118,22
c6,63,37
other,47,109
c24,38,104
c62,45,55
c31,69,19
c22,69,63
c19,46,79
other,26,87
other,123,52
c79,73,71
other,10,122
c22,72,64
c35,17,103
c19,55,61
c33,88,82
c79,71,74
c19,51,79
c19,87,2
c22,75,62
other,94,72
other,97,125
c22,64,45
c6,112,28
c42,20,100
other,98,10
other,66,84
other,102,103
c22,75,60
other,117,45
c22,42,13
other,12,112
c19,84,114
c50,2,42
c44,99,94
other,100,23
other,17,19
c42,23,100
other,121,109
other,58,124
c73,62,90
c42,23,95
other,19,71
c6,76,28
c22,74,65
other,51,109
other,116,43
c33,123,33
c33,89,79
c67,35,91
other,70,102
c27,118,16
c20,64,96
c33,77,81
other,104,65
c22,75,65
c39,34,38
other,84,19
other,106,87
c9,28,94
c50,4,44
c6,114,23
c62,98,46
c7,80,17
other,118,53
other,43,117
c19,39,84
c49,103,107
c7,3,109
other,28,99
c33,75,79
c22,75,63
c6,119,23
other,123,51
c50,4,41
c2,22,113
c41,120,48
c35,97,48
other,38,8
c6,36,73
c14,23,88
c75,126,73
other,49,6
c38,114,119
other,78,72
c24,46,115
other,16,110
c7,0,126
other,110,51
c65,24,74
c33,76,78
c49,20,40
other,12,44
other,82,71
c51,99,70
c66,10,77
c33,89,82
other,113,42
c19,53,81
other,21,64
c22,74,66
c27,118,14
other,18,10
other,103,29
c22,72,65
c42,26,97
other,102,68
other,103,68
c20,61,97
c19,50,92
c39,26,104
other,80,8
other,115,42
other,9,91
c23,87,26
c38,114,118
other,101,55
c74,122,41
c6,122,23
other,38,7
other,74,41
other,122,110
c49,123,28
c44,102,91
c23,40,118
other,51,78
c57,87,103
c6,89,39
other,71,98
other,120,107
other,31,53
other,109,1
other,95,20
c22,76,64
c22,68,64
other,112,41
c22,71,65
other,57,20
c32,93,84
other,39,10
c51,7,107
other,114,43
c12,118,104
c58,95,90
other,124,14
c19,51,84
other,119,61
c22,14,10
c22,62,44
c62,100,52
other,80,63
c62,56,50
c57,84,104
other,68,63
c41,120,47
c49,107,109
c33,80,88
c33,112,34
c6,30,76
other,73,15
c38,115,117
c50,2,43
other,50,102
other,107,13
c76,30,120
other,125,40
c22,68,62
other,4,4
other,5,113
c10,18,68
c7,81,15
c49,102,108
c33,88,80
other,80,122
c33,83,74
c33,81,88
c1,50,26
c22,73,66
other,13,60
c6,111,29
c6,111,28
c2,98,94
c6,116,21
c17,88,87
c4,60,60
c43,28,38
other,63,11
c42,22,100
other,2,23
other,45,37
c36,126,79
other,62,1
c19,52,62
c27,37,36
c22,63,44
c78,124,64
other,39,7
other,118,107
c62,86,9
c33,77,76
c19,49,93
other,86,112
c33,77,77
c9,40,93
other,118,32
other,89,60
c22,76,65
c22,67,63
other,107,33
other,21,109
c23,15,118
other,55,20
other,25,101
c19,84,3
other,63,58
c24,42,104
c65,23,74
other,94,67
c19,43,91
c7,120,113
c55,32,24
c6,62,38
c22,71,41
other,103,21
c22,67,64
c12,119,101
c38,113,118
c78,123,65
other,99,80
other,37,9
c1,108,61
c22,72,48
c58,85,94
c19,50,78
c10,19,73
other,20,32
other,121,52
c19,83,4
c9,37,99
c6,78,34
other,27,12
c6,57,102
other,104,106
c19,86,2
other,28,91
c9,36,90
c78,126,64
c27,123,16
c6,15,66
c19,50,85
c6,111,27
c48,41,123
c22,67,61
c47,124,44
c27,117,15
other,68,1
c19,54,82
c22,39,13
other,116,56
c79,70,73
c19,84,5
c10,25,66
c32,95,84
c27,125,103
c19,116,82
c24,40,104
c61,26,32
c22,77,65
c43,22,39
c22,62,43
c71,127,68
c79,71,73
other,41,75
c19,85,3
c44,99,96
c48,1,107
c9,33,98
c33,114,33
c38,114,116
c61,27,26
c7,121,119
other,88,25
other,78,45
c19,83,2
c0,13,59
other,110,50
c22,66,63
c42,52,91
c22,77,64
c55,31,24
other,22,43
other,88,92
other,113,107
c19,78,60
c10,18,67
c13,97,114
other,127,40
c6,60,33
other,111,51
c19,87,3
c49,102,110
c7,127,111
c58,92,90
c6,58,41
c42,20,94
c9,29,87
c6,38,74
c22,67,65
c33,89,81
c38,116,118
c7,79,120
c19,82,3
c33,88,79
c19,84,2
other,92,21
other,64,124
c10,21,73
c19,84,6
c6,112,29
c19,55,62
c55,31,23
c7,121,122
other,40,10
c27,125,104
c8,1,108
other,8,53
c27,116,14
c22,63,43
c38,101,116
c27,119,17
c15,10,60
c74,123,96
c6,100,7
c19,47,79
c39,25,102
other,117,51
c79,74,72
other,37,113
c6,77,27
c22,66,60
c6,56,96
c62,55,48
other,2,62
c22,17,7
c42,19,95
c12,119,104
other,20,63
c32,94,83
c20,63,94
c22,66,64
other,19,121
other,108,4
c19,88,4
c40,16,20
c33,77,78
c6,57,96
other,78,125
other,37,101
c10,28,68
c22,70,41
c6,115,22
c27,115,14
c58,91,89
c10,22,66
c2,17,62
c50,2,44
c22,68,66
c19,81,108
c19,81,113
c19,117,83
c0,47,110
other,106,29
c19,42,91
c19,86,4
c49,109,111
c19,87,5
other,24,59
other,17,75
other,21,63
c62,102,41
c36,91,113
other,54,43
c6,119,22
c23,41,119
other,65,109
other,0,33
other,127,89
c21,24,92
c55,30,23
c19,88,3
other,72,10
c35,97,50
other,114,93
c62,45,56
c48,43,121
c22,66,65
other,41,97
c62,98,44
other,12,63
other,9,7
c27,117,14
other,4,22
c14,53,106
c10,19,74
c22,56,46
c6,110,29
c22,67,66
c27,116,15
c58,97,95
c6,37,73
other,126,40
c10,19,66
c36,89,111
other,68,65
c6,110,27
other,72,14
other,39,11
c1,45,65
c19,52,84
other,115,43
c6,79,31
c62,57,50
other,83,64
c38,115,118
c19,81,4
c47,122,44
other,34,115
c19,56,62
c20,62,95
other,13,44
c5,57,64
other,70,14
c55,33,24
other,90,102
c33,75,89
c15,12,64
c22,66,66
other,111,50
other,104,13
other,51,110
c58,97,96
other,33,118
other,44,93
c22,66,62
c78,126,63
c50,9,41
c19,52,85
c55,33,23
c54,28,75
c6,110,28
other,110,64
c36,92,112
c22,65,63
c22,15,11
c12,118,105
c6,111,30
other,24,66
c27,115,16
other,28,24
other,61,63
other,73,93
c2,63,85
c22,58,56
c22,69,67
c27,119,18
c19,82,107
c32,91,86
other,40,55
other,2,71
other,5,114
other,37,81
other,116,115
other,127,80
c61,29,31
c4,62,62
c33,78,75
c47,43,102
c58,98,95
c19,41,91
other,42,95
c22,66,67
c50,11,40
c19,81,2
other,109,109
c22,17,8
other,56,43
c10,31,25
c42,19,101
c47,43,101
c2,45,46
c27,116,13
other,67,96
other,119,32
other,71,90
c19,57,119
other,40,45
other,77,93
c19,80,1
other,75,96
c44,122,112
c67,123,81
c2,34,68
c31,23,85
c38,117,117
c22,68,42
other,5,110
c19,77,58
other,112,70
c79,72,74
c6,112,30
other,34,81
c22,70,68
other,116,84
c43,21,39
c27,115,13
c62,43,55
other,78,112
c36,89,110
c7,77,11
c22,65,65
other,113,62
other,28,87
c19,55,60
c19,89,3
c19,89,4
c49,101,109
c58,85,93
c62,55,47
c27,118,19
c44,101,97
c22,63,42
c42,23,101
c19,80,4
other,37,122
c18,28,36
c6,61,7
c55,32,25
c1,107,60
c27,126,105
other,24,114
c60,100,107
c12,118,103
c19,81,1
c20,64,95
c33,78,76
c19,80,3
other,28,88
other,107,82
c24,47,113
c2,45,45
c8,0,75
c27,119,8
c3,94,104
other,77,41
c39,25,103
other,118,46
other,107,53
other,24,93
other,37,38
c78,124,63
c27,116,12
c27,120,18
other,16,63
c62,99,43
c10,26,66
c9,34,98
c58,98,96
c47,123,43
other,14,61
other,109,5
c27,114,16
c49,124,25
c7,75,16
other,46,69
c19,89,2
c55,30,22
c51,114,32
c62,56,47
c22,12,5
c22,65,67
c35,35,126
other,48,120
c62,47,55
c27,118,18
c1,49,24
c36,90,114
c19,90,3
other,120,119
other,21,59
other,117,31
other,89,103
other,87,107
other,49,109
c55,117,59
other,61,112
other,103,26
c55,29,23
other,84,31
c36,90,111
other,116,101
c22,64,43
c55,34,20
other,33,31
c63,74,78
c1,43,69
c27,120,17
c22,78,66
c26,14,126
other,6,83
c49,102,107
c2,43,58
other,109,122
other,99,13
other,127,33
other,20,3
c22,65,68
c19,90,4
c19,54,60
other,113,43
c71,127,65
other,21,81
c42,25,97
c7,79,12
c50,37,118
c19,79,3
c8,16,87
c38,103,113
other,80,46
other,112,96
c22,64,65
other,7,24
other,53,83
other,54,108
c27,120,19
c3,95,102
c63,4,18
other,121,17
c16,40,73
other,97,102
c31,94,3
c79,73,75
c27,119,20
c7,81,17
other,111,31
other,78,114
other,92,101
c7,82,16
c2,44,46
c38,117,19
c38,115,120
other,65,120
other,103,72
other,59,5
other,72,26
c22,61,43
c6,93,5
